408,651,22,31,52.610378,13.365998,0.00,12082601
408,457,22,31,52.610378,13.365998,0.00,12082601
409,419,22,32,52.610378,13.365998,0.00,12082601
409,410,22,31,52.610382,13.365992,0.00,12082700
410,407,22,31,52.610382,13.365992,49.40,12082700
410,409,22,31,52.610382,13.365992,49.40,12082700
411,408,22,32,52.610382,13.365992,49.40,12082700
411,406,22,31,52.610382,13.365991,49.50,12082800
410,405,22,32,52.610382,13.365991,49.50,12082800
411,404,22,31,52.610382,13.365991,49.50,12082800
411,403,22,31,52.610386,13.365993,49.70,12082900
411,406,22,31,52.610386,13.365993,49.70,12082900
411,408,22,31,52.610386,13.365993,49.70,12082900
411,408,22,32,52.610386,13.365992,49.70,12083000
411,409,22,31,52.610386,13.365992,49.60,12083000
411,409,22,31,52.610386,13.365992,49.60,12083000
411,409,22,31,52.610386,13.365992,49.60,12083000
411,408,22,32,52.610382,13.365993,49.70,12083100
411,408,22,31,52.610382,13.365993,49.70,12083100
410,408,22,31,52.610382,13.365993,49.70,12083100
410,407,22,32,52.610378,13.366000,49.70,12083200
410,408,22,31,52.610378,13.366000,49.90,12083200
411,408,22,32,52.610378,13.366000,49.90,12083200
410,408,22,31,52.610378,13.366000,49.90,12083200
411,409,22,31,52.610378,13.366003,50.00,12083300
410,409,22,31,52.610378,13.366003,50.00,12083300
410,409,23,31,52.610378,13.366003,50.00,12083300
411,408,22,31,52.610382,13.366000,49.90,12083400
411,412,22,31,52.610382,13.366000,49.90,12083400
411,413,23,31,52.610382,13.366000,49.90,12083400
411,414,22,31,52.610382,13.365997,49.90,12083500
410,413,22,31,52.610382,13.365997,50.00,12083500
409,410,22,31,52.610382,13.365997,50.00,12083500
409,408,22,31,52.610382,13.365997,50.00,12083500
408,407,22,31,52.610382,13.365997,50.00,12083600
408,407,23,30,52.610382,13.365997,50.00,12083600
407,412,22,31,52.610382,13.365997,50.00,12083600
407,422,22,31,52.610382,13.365998,50.20,12083700
407,422,23,30,52.610382,13.365998,50.20,12083700
407,429,22,31,52.610382,13.365998,50.20,12083700
407,430,22,31,52.610382,13.365998,50.20,12083700
406,417,22,31,52.610386,13.365993,50.40,12083800
406,414,22,31,52.610386,13.365993,50.40,12083800
405,411,22,31,52.610386,13.365993,50.40,12083800
405,408,23,31,52.610382,13.365994,50.50,12083900
404,406,23,30,52.610382,13.365994,50.50,12083900
404,404,23,30,52.610382,13.365994,50.50,12083900
404,402,23,30,52.610386,13.365993,50.50,12084000
404,401,22,25,52.610386,13.365993,50.40,12084000
404,401,23,30,52.610386,13.365993,50.40,12084000
404,400,23,30,52.610386,13.365993,50.40,12084000
404,405,23,30,52.610382,13.365992,50.10,12084100
403,409,23,30,52.610382,13.365992,50.10,12084100
403,407,23,30,52.610382,13.365992,50.10,12084100
402,406,23,30,52.610386,13.365989,49.90,12084200
402,401,23,30,52.610386,13.365989,49.90,12084200
402,403,23,30,52.610386,13.365989,49.90,12084200
402,406,23,30,52.610386,13.365996,49.90,12084300
402,404,23,30,52.610386,13.365996,49.70,12084300
402,405,23,30,52.610386,13.365996,49.70,12084300
402,403,23,30,52.610386,13.365996,49.70,12084300
401,404,23,31,52.610378,13.366009,49.70,12084400
402,401,23,30,52.610378,13.366009,49.70,12084400
402,401,23,30,52.610378,13.366009,49.70,12084400
402,401,23,30,52.610371,13.366015,49.70,12084500
400,400,23,30,52.610371,13.366015,50.00,12084500
400,402,23,30,52.610371,13.366015,50.00,12084500
400,478,23,30,52.610371,13.366015,50.00,12084500
398,447,23,26,52.610359,13.366012,50.30,12084600
397,422,23,30,52.610359,13.366012,50.30,12084600
396,415,23,30,52.610359,13.366012,50.30,12084600
395,410,23,30,52.610352,13.366003,50.30,12084700
395,407,23,30,52.610352,13.366003,50.30,12084700
393,402,23,30,52.610352,13.366003,50.30,12084700
392,395,23,30,52.610348,13.365993,50.30,12084800
391,395,24,30,52.610348,13.365993,50.30,12084800
391,393,23,30,52.610348,13.365993,50.30,12084800
389,391,23,30,52.610348,13.365993,50.30,12084800
388,386,23,32,52.610340,13.365989,50.30,12084900
387,384,23,19,52.610340,13.365989,50.30,12084900
386,379,23,30,52.610340,13.365989,50.30,12084900
386,379,24,30,52.610340,13.365984,50.30,12085000
385,379,24,30,52.610340,13.365984,50.30,12085000
385,377,24,30,52.610340,13.365984,50.30,12085000
384,377,24,30,52.610340,13.365984,50.30,12085000
384,391,24,30,52.610340,13.365981,50.30,12085100
384,395,24,30,52.610340,13.365981,50.30,12085100
384,383,24,30,52.610340,13.365981,50.30,12085100
384,384,24,30,52.610340,13.365980,50.20,12085200
384,390,24,30,52.610340,13.365980,50.20,12085200
384,386,24,30,52.610340,13.365980,50.20,12085200
384,380,24,30,52.610340,13.365976,50.20,12085300
383,377,24,30,52.610340,13.365976,49.90,12085300
383,373,24,30,52.610340,13.365976,49.90,12085300
384,386,24,30,52.610340,13.365976,49.90,12085300
385,363,24,30,52.610336,13.365972,49.50,12085400
385,365,24,30,52.610336,13.365972,49.50,12085400
387,366,24,30,52.610336,13.365972,49.50,12085400
388,343,24,30,52.610336,13.365971,49.50,12085500
388,339,24,31,52.610336,13.365971,49.60,12085500
388,419,24,30,52.610336,13.365971,49.60,12085500
388,478,24,30,52.610336,13.365971,49.60,12085500
389,475,24,30,52.610336,13.365967,49.60,12085600
389,427,24,30,52.610336,13.365967,49.60,12085600
390,426,24,30,52.610336,13.365967,49.60,12085600
390,394,24,30,52.610340,13.365968,49.00,12085700
390,395,24,30,52.610340,13.365968,49.00,12085700
391,395,24,30,52.610340,13.365968,49.00,12085700
391,395,24,30,52.610336,13.365970,49.00,12085800
391,372,24,30,52.610336,13.365970,49.20,12085800
392,385,24,30,52.610336,13.365970,49.20,12085800
393,392,24,30,52.610336,13.365970,49.20,12085800
393,397,24,30,52.610336,13.365972,49.50,12085900
394,399,24,31,52.610336,13.365972,49.50,12085900
394,414,24,30,52.610336,13.365972,49.50,12085900
394,407,24,30,52.610340,13.365967,49.20,12090000
395,403,24,30,52.610340,13.365967,49.20,12090000
395,404,24,30,52.610340,13.365967,49.20,12090000
395,405,24,30,52.610336,13.365969,49.20,12090100
394,401,24,30,52.610336,13.365969,49.40,12090100
395,400,24,30,52.610336,13.365969,49.40,12090100
395,404,24,30,52.610336,13.365969,49.40,12090100
394,406,24,30,52.610336,13.365968,49.50,12090200
393,400,24,30,52.610336,13.365968,49.50,12090200
393,396,24,30,52.610336,13.365968,49.50,12090200
392,393,24,30,52.610340,13.365967,49.50,12090300
391,392,24,30,52.610340,13.365967,49.60,12090300
391,392,24,30,52.610340,13.365967,49.60,12090300
390,390,24,30,52.610340,13.365967,49.60,12090300
389,388,24,30,52.610344,13.365971,49.80,12090400
388,387,24,30,52.610344,13.365971,49.80,12090400
388,385,24,30,52.610344,13.365971,49.80,12090400
387,385,24,30,52.610344,13.365971,50.00,12090500
388,385,24,30,52.610344,13.365971,50.00,12090500
387,385,24,29,52.610344,13.365971,50.00,12090500
387,384,24,30,52.610344,13.365972,50.00,12090600
387,383,24,30,52.610344,13.365972,50.20,12090600
387,384,24,30,52.610344,13.365972,50.20,12090600
388,384,24,30,52.610344,13.365972,50.20,12090600
387,384,24,30,52.610344,13.365973,50.50,12090700
388,383,24,30,52.610344,13.365973,50.50,12090700
387,384,24,30,52.610344,13.365973,50.50,12090700
388,386,24,30,52.610344,13.365973,50.50,12090800
388,386,24,30,52.610344,13.365973,50.50,12090800
389,389,24,30,52.610344,13.365973,50.50,12090800
389,390,24,30,52.610344,13.365973,50.50,12090800
389,389,24,24,52.610344,13.365973,50.70,12090900
389,388,24,30,52.610344,13.365973,50.70,12090900
388,387,24,30,52.610344,13.365973,50.70,12090900
388,387,24,30,52.610348,13.365971,50.70,12091000
388,388,24,30,52.610348,13.365971,50.70,12091000
387,386,24,30,52.610348,13.365971,50.70,12091000
387,383,24,30,52.610348,13.365971,50.70,12091100
386,385,24,30,52.610348,13.365971,50.70,12091100
385,383,24,30,52.610348,13.365971,50.70,12091100
384,380,24,30,52.610348,13.365971,50.70,12091100
384,375,24,31,52.610348,13.365971,50.80,12091200
383,323,24,26,52.610348,13.365971,50.80,12091200
383,327,24,30,52.610348,13.365971,50.80,12091200
384,273,24,29,52.610348,13.365969,50.80,12091300
384,299,24,30,52.610348,13.365969,50.80,12091300
384,367,24,30,52.610348,13.365969,50.80,12091300
385,351,24,30,52.610348,13.365969,50.80,12091300
384,366,24,30,52.610348,13.365968,50.80,12091400
384,364,24,30,52.610348,13.365968,50.80,12091400
385,366,24,30,52.610348,13.365968,50.80,12091400
385,350,24,30,52.610348,13.365967,50.80,12091500
385,364,24,30,52.610348,13.365967,50.80,12091500
385,420,24,30,52.610348,13.365967,50.80,12091500
386,406,24,30,52.610348,13.365966,50.80,12091600
386,400,24,30,52.610348,13.365966,50.80,12091600
386,392,24,30,52.610348,13.365966,50.80,12091600
386,395,24,26,52.610348,13.365966,50.80,12091600
387,393,24,30,52.610348,13.365965,50.80,12091700
387,391,24,30,52.610348,13.365965,50.80,12091700
387,392,24,30,52.610348,13.365965,50.80,12091700
387,390,24,30,52.610348,13.365965,50.80,12091800
387,390,24,30,52.610348,13.365965,50.80,12091800
388,391,24,30,52.610348,13.365965,50.80,12091800
388,392,24,30,52.610348,13.365965,50.80,12091800
388,393,24,30,52.610348,13.365965,50.80,12091900
388,393,24,30,52.610348,13.365965,50.80,12091900
389,394,24,30,52.610348,13.365965,50.80,12091900
389,394,24,30,52.610348,13.365964,50.80,12092000
389,395,24,30,52.610348,13.365964,50.80,12092000
388,394,24,30,52.610348,13.365964,50.80,12092000
387,390,24,30,52.610348,13.365964,50.80,12092100
386,388,24,30,52.610348,13.365964,50.90,12092100
385,387,24,30,52.610348,13.365964,50.90,12092100
384,385,24,30,52.610348,13.365964,50.90,12092100
383,383,24,30,52.610348,13.365963,51.00,12092200
382,382,24,30,52.610348,13.365963,51.00,12092200
382,381,24,30,52.610348,13.365963,51.00,12092200
381,380,24,30,52.610348,13.365963,51.00,12092300
381,381,24,30,52.610348,13.365963,51.00,12092300
381,380,24,30,52.610348,13.365963,51.00,12092300
380,379,24,30,52.610348,13.365963,51.00,12092300
379,379,24,30,52.610348,13.365963,51.00,12092400
380,381,24,28,52.610348,13.365963,51.00,12092400
379,383,24,30,52.610348,13.365963,51.00,12092400
379,380,24,30,52.610348,13.365961,50.90,12092500
378,378,24,30,52.610348,13.365961,50.90,12092500
378,376,24,30,52.610348,13.365961,50.90,12092500
377,375,24,30,52.610348,13.365962,50.90,12092600
378,374,24,30,52.610348,13.365962,50.90,12092600
377,374,24,26,52.610348,13.365962,50.90,12092600
378,374,24,30,52.610348,13.365962,50.90,12092600
378,374,24,30,52.610348,13.365964,51.00,12092700
378,376,24,30,52.610348,13.365964,51.00,12092700
379,377,24,30,52.610348,13.365964,51.00,12092700
379,378,24,30,52.610348,13.365964,50.90,12092800
379,380,24,30,52.610348,13.365964,50.90,12092800
379,382,24,30,52.610348,13.365964,50.90,12092800
380,384,24,30,52.610348,13.365964,50.90,12092900
380,388,24,30,52.610348,13.365964,50.90,12092900
379,387,24,30,52.610348,13.365964,50.90,12092900
379,384,24,30,52.610348,13.365964,50.90,12092900
379,383,24,30,52.610348,13.365965,50.80,12093000
379,382,24,30,52.610348,13.365965,50.80,12093000
378,382,24,30,52.610348,13.365965,50.80,12093000
379,384,24,30,52.610348,13.365966,50.80,12093100
379,384,24,30,52.610348,13.365966,50.80,12093100
380,386,24,26,52.610348,13.365966,50.80,12093100
380,388,24,28,52.610348,13.365966,50.80,12093100
380,389,24,30,52.610348,13.365966,50.80,12093200
381,391,24,30,52.610348,13.365966,50.80,12093200
381,391,24,30,52.610348,13.365966,50.80,12093200
382,392,24,30,52.610348,13.365966,50.80,12093300
382,396,24,29,52.610348,13.365966,50.80,12093300
382,395,24,29,52.610348,13.365966,50.80,12093300
383,395,24,30,52.610348,13.365966,50.80,12093400
383,394,24,30,52.610348,13.365966,50.70,12093400
383,393,24,26,52.610348,13.365966,50.70,12093400
383,393,24,30,52.610348,13.365966,50.70,12093400
384,394,24,30,52.610348,13.365966,50.70,12093500
384,396,24,30,52.610348,13.365966,50.70,12093500
384,399,24,30,52.610348,13.365966,50.70,12093500
384,398,24,30,52.610348,13.365966,50.70,12093600
384,396,24,30,52.610348,13.365966,50.60,12093600
384,395,24,29,52.610348,13.365966,50.60,12093600
384,395,24,29,52.610348,13.365966,50.60,12093600
384,397,24,29,52.610348,13.365965,50.60,12093700
384,398,24,30,52.610348,13.365965,50.60,12093700
384,398,24,30,52.610348,13.365965,50.60,12093700
384,398,24,30,52.610348,13.365965,50.60,12093800
384,399,24,30,52.610348,13.365965,50.60,12093800
384,397,24,30,52.610348,13.365965,50.60,12093800
384,395,24,30,52.610348,13.365965,50.60,12093900
384,395,24,30,52.610348,13.365965,50.50,12093900
384,395,24,30,52.610348,13.365965,50.50,12093900
384,396,24,30,52.610348,13.365965,50.50,12093900
384,398,24,30,52.610348,13.365964,50.50,12094000
384,398,24,30,52.610348,13.365964,50.50,12094000
384,398,24,29,52.610348,13.365964,50.50,12094000
385,396,24,30,52.610348,13.365964,50.50,12094100
384,395,24,29,52.610348,13.365964,50.30,12094100
384,399,24,26,52.610348,13.365964,50.30,12094100
385,402,24,26,52.610348,13.365964,50.30,12094100
385,402,24,29,52.610348,13.365963,50.20,12094200
385,399,24,30,52.610348,13.365963,50.20,12094200
384,395,24,29,52.610348,13.365963,50.20,12094200
384,391,24,31,52.610348,13.365963,50.20,12094300
384,392,24,26,52.610348,13.365963,50.20,12094300
384,393,24,29,52.610348,13.365963,50.20,12094300
384,393,24,30,52.610348,13.365962,50.20,12094400
384,393,24,30,52.610348,13.365962,50.10,12094400
384,394,24,26,52.610348,13.365962,50.10,12094400
384,391,24,30,52.610348,13.365962,50.10,12094400
383,390,24,26,52.610348,13.365961,50.00,12094500
384,392,24,30,52.610348,13.365961,50.00,12094500
384,394,24,29,52.610348,13.365961,50.00,12094500
384,396,24,30,52.610348,13.365961,50.00,12094600
384,398,24,30,52.610348,13.365961,50.00,12094600
385,400,24,30,52.610348,13.365961,50.00,12094600
385,400,24,25,52.610348,13.365961,50.00,12094600
385,402,24,30,52.610348,13.365962,50.00,12094700
385,401,24,27,52.610348,13.365962,50.00,12094700
385,399,24,30,52.610348,13.365962,50.00,12094700
384,396,24,30,52.610348,13.365962,50.00,12094800
384,394,24,30,52.610348,13.365962,50.00,12094800
383,391,24,19,52.610348,13.365962,50.00,12094800
383,387,24,30,52.610348,13.365962,50.00,12094900
382,385,24,28,52.610348,13.365962,50.00,12094900
381,382,23,30,52.610348,13.365962,50.00,12094900
380,379,24,30,52.610348,13.365962,50.00,12094900
380,377,24,26,52.610348,13.365962,50.00,12095000
380,375,24,27,52.610348,13.365962,50.00,12095000
379,374,24,24,52.610348,13.365962,50.00,12095000
379,373,24,30,52.610348,13.365962,50.00,12095100
378,372,24,29,52.610348,13.365962,50.00,12095100
377,370,24,28,52.610348,13.365962,50.00,12095100
378,370,24,26,52.610348,13.365962,50.00,12095200
378,371,24,30,52.610348,13.365962,50.00,12095200
378,371,24,30,52.610348,13.365962,50.00,12095200
378,371,24,30,52.610348,13.365962,50.00,12095200
377,371,24,27,52.610348,13.365962,50.00,12095300
377,371,24,30,52.610348,13.365962,50.00,12095300
376,370,24,30,52.610348,13.365962,50.00,12095300
377,369,24,30,52.610348,13.365962,50.00,12095400
377,369,24,30,52.610348,13.365962,50.00,12095400
377,369,24,30,52.610348,13.365962,50.00,12095400
377,369,24,30,52.610348,13.365962,50.00,12095400
377,371,24,30,52.610348,13.365962,50.00,12095500
377,372,24,29,52.610348,13.365962,50.00,12095500
377,375,24,30,52.610348,13.365962,50.00,12095500
377,374,24,26,52.610348,13.365962,50.10,12095600
377,374,24,22,52.610348,13.365962,50.10,12095600
377,372,24,29,52.610348,13.365962,50.10,12095600
378,373,23,30,52.610348,13.365962,50.10,12095700
377,373,23,30,52.610348,13.365962,50.00,12095700
377,374,24,29,52.610348,13.365962,50.00,12095700
378,377,24,30,52.610348,13.365962,50.00,12095700
378,379,24,19,52.610348,13.365962,50.00,12095800
378,379,24,30,52.610348,13.365962,50.00,12095800
378,378,24,30,52.610348,13.365962,50.00,12095800
378,378,24,27,52.610348,13.365962,50.00,12095900
378,377,24,30,52.610348,13.365962,50.10,12095900
378,378,24,30,52.610348,13.365962,50.10,12095900
378,378,24,29,52.610348,13.365962,50.10,12095900
378,377,23,30,52.610348,13.365962,50.10,12100000
378,380,24,30,52.610348,13.365962,50.10,12100000
378,382,24,30,52.610348,13.365962,50.10,12100000
378,384,24,30,52.610348,13.365962,50.00,12100100
379,384,23,25,52.610348,13.365962,50.00,12100100
379,385,24,20,52.610348,13.365962,50.00,12100100
378,384,24,30,52.610348,13.365962,50.00,12100200
378,383,24,30,52.610348,13.365962,50.00,12100200
378,384,24,30,52.610348,13.365962,50.00,12100200
378,383,24,25,52.610348,13.365962,50.00,12100200
378,381,24,27,52.610348,13.365962,50.00,12100300
378,383,24,25,52.610348,13.365962,50.00,12100300
378,381,23,30,52.610348,13.365962,50.00,12100300
378,379,24,30,52.610348,13.365962,50.00,12100400
378,378,23,30,52.610348,13.365962,50.00,12100400
378,379,23,25,52.610348,13.365962,50.00,12100400
377,379,24,29,52.610348,13.365962,50.00,12100500
377,379,24,30,52.610348,13.365962,49.90,12100500
376,375,23,30,52.610348,13.365962,49.90,12100500
376,373,23,26,52.610348,13.365962,49.90,12100500
375,372,24,30,52.610348,13.365961,49.90,12100600
375,372,23,30,52.610348,13.365961,49.90,12100600
375,372,23,27,52.610348,13.365961,49.90,12100600
374,371,24,30,52.610348,13.365961,49.90,12100700
374,371,23,26,52.610348,13.365961,49.90,12100700
374,371,23,19,52.610348,13.365961,49.90,12100700
374,370,23,26,52.610348,13.365961,49.90,12100800
373,370,23,30,52.610348,13.365961,49.80,12100800
373,369,24,29,52.610348,13.365961,49.80,12100800
372,368,23,26,52.610348,13.365961,49.80,12100800
372,370,23,26,52.610348,13.365960,49.80,12100900
372,369,23,29,52.610348,13.365960,49.80,12100900
371,368,23,30,52.610348,13.365960,49.80,12100900
371,368,23,25,52.610348,13.365960,49.80,12101000
371,368,23,30,52.610348,13.365960,49.70,12101000
371,369,23,30,52.610348,13.365960,49.70,12101000
371,369,23,26,52.610348,13.365960,49.70,12101000
371,369,23,25,52.610348,13.365960,49.70,12101100
371,369,23,29,52.610348,13.365960,49.70,12101100
371,370,23,25,52.610348,13.365960,49.70,12101100
372,372,23,29,52.610348,13.365961,49.70,12101200
372,375,24,30,52.610348,13.365961,49.70,12101200
372,375,23,30,52.610348,13.365961,49.70,12101200
372,377,23,25,52.610348,13.365960,49.70,12101300
372,378,23,27,52.610348,13.365960,49.70,12101300
372,376,24,30,52.610348,13.365960,49.70,12101300
372,374,23,26,52.610348,13.365960,49.70,12101300
372,374,23,24,52.610348,13.365961,49.70,12101400
371,374,23,29,52.610348,13.365961,49.70,12101400
371,374,23,20,52.610348,13.365961,49.70,12101400
371,374,23,30,52.610348,13.365961,49.70,12101500
371,373,23,30,52.610348,13.365961,49.70,12101500
371,375,24,30,52.610348,13.365961,49.70,12101500
371,375,23,30,52.610348,13.365961,49.70,12101600
371,377,23,25,52.610348,13.365961,49.70,12101600
372,378,23,30,52.610348,13.365961,49.70,12101600
372,378,23,30,52.610348,13.365961,49.70,12101600
372,379,23,25,52.610348,13.365961,49.70,12101700
372,379,23,30,52.610348,13.365961,49.70,12101700
372,379,23,30,52.610348,13.365961,49.70,12101700
372,379,23,22,52.610348,13.365961,49.70,12101800
373,380,23,30,52.610348,13.365961,49.70,12101800
372,381,23,26,52.610348,13.365961,49.70,12101800
373,383,23,29,52.610348,13.365961,49.70,12101900
372,383,24,30,52.610348,13.365961,49.70,12101900
373,385,23,29,52.610348,13.365961,49.70,12101900
373,385,23,30,52.610348,13.365961,49.70,12101900
373,386,23,30,52.610348,13.365961,49.80,12102000
373,387,23,26,52.610348,13.365961,49.80,12102000
372,388,23,30,52.610348,13.365961,49.80,12102000
372,386,24,30,52.610348,13.365962,49.80,12102100
372,388,23,24,52.610348,13.365962,49.80,12102100
372,390,24,25,52.610348,13.365962,49.80,12102100
372,390,23,30,52.610348,13.365961,49.80,12102200
372,388,23,29,52.610348,13.365961,49.70,12102200
371,388,23,29,52.610348,13.365961,49.70,12102200
371,388,23,28,52.610348,13.365961,49.70,12102200
370,386,22,26,52.610348,13.365961,49.70,12102300
370,384,23,29,52.610348,13.365961,49.70,12102300
370,387,23,30,52.610348,13.365961,49.70,12102300
370,386,23,30,52.610348,13.365962,49.80,12102400
370,386,23,27,52.610348,13.365962,49.80,12102400
370,386,23,30,52.610348,13.365962,49.80,12102400
370,384,23,30,52.610348,13.365962,49.80,12102500
370,383,23,26,52.610348,13.365962,49.90,12102500
370,383,23,30,52.610348,13.365962,49.90,12102500
369,381,23,29,52.610348,13.365962,49.90,12102500
369,380,24,30,52.610348,13.365962,49.90,12102600
367,377,23,30,52.610348,13.365962,49.90,12102600
366,375,23,26,52.610348,13.365962,49.90,12102600
365,338,23,22,52.610348,13.365963,49.90,12102700
362,403,23,29,52.610348,13.365963,49.90,12102700
357,346,23,30,52.610348,13.365963,49.90,12102700
352,346,23,25,52.610344,13.365962,49.90,12102800
348,344,23,26,52.610344,13.365962,49.80,12102800
343,340,23,25,52.610344,13.365962,49.80,12102800
339,335,24,30,52.610344,13.365962,49.80,12102800
336,329,23,27,52.610344,13.365965,49.70,12102900
331,326,23,27,52.610344,13.365965,49.70,12102900
328,323,23,26,52.610344,13.365965,49.70,12102900
326,319,23,24,52.610340,13.365966,49.70,12103000
322,316,23,25,52.610340,13.365966,49.80,12103000
320,314,23,25,52.610340,13.365966,49.80,12103000
318,312,23,20,52.610340,13.365966,49.80,12103000
315,310,23,26,52.610340,13.365967,49.90,12103100
313,309,23,30,52.610340,13.365967,49.90,12103100
312,306,23,25,52.610340,13.365967,49.90,12103100
309,304,23,30,52.610340,13.365971,50.40,12103200
308,300,23,25,52.610340,13.365971,50.40,12103200
307,301,23,24,52.610340,13.365971,50.40,12103200
306,298,23,30,52.610340,13.365971,50.40,12103300
305,298,23,25,52.610340,13.365971,50.70,12103300
304,294,23,22,52.610340,13.365971,50.70,12103300
303,294,23,30,52.610340,13.365971,50.70,12103300
301,293,22,26,52.610340,13.365974,51.00,12103400
301,292,23,26,52.610340,13.365974,51.00,12103400
300,290,23,30,52.610340,13.365974,51.00,12103400
299,291,22,28,52.610340,13.365973,50.80,12103500
298,288,22,27,52.610340,13.365973,50.80,12103500
298,288,22,31,52.610340,13.365973,50.80,12103500
297,288,22,31,52.610340,13.365973,50.80,12103600
296,287,22,26,52.610340,13.365973,50.80,12103600
296,284,22,27,52.610340,13.365973,50.80,12103600
295,286,22,25,52.610340,13.365973,50.80,12103600
295,285,22,26,52.610340,13.365973,50.90,12103700
294,284,22,28,52.610340,13.365973,50.90,12103700
294,285,22,28,52.610340,13.365973,50.90,12103700
293,284,22,27,52.610344,13.365973,51.10,12103800
293,284,22,22,52.610344,13.365973,51.10,12103800
293,282,22,32,52.610344,13.365973,51.10,12103800
293,283,22,27,52.610344,13.365974,51.10,12103900
292,284,22,27,52.610344,13.365974,51.10,12103900
292,282,22,25,52.610344,13.365974,51.10,12103900
293,283,22,26,52.610344,13.365974,51.10,12103900
293,283,22,31,52.610344,13.365975,51.10,12104000
295,286,22,31,52.610344,13.365975,51.10,12104000
296,287,22,31,52.610344,13.365975,51.10,12104000
297,287,22,27,52.610344,13.365975,51.10,12104100
296,287,22,31,52.610344,13.365975,51.10,12104100
297,287,22,30,52.610344,13.365975,51.10,12104100
297,285,22,26,52.610344,13.365974,51.10,12104200
297,287,22,20,52.610344,13.365974,51.00,12104200
297,287,22,26,52.610344,13.365974,51.00,12104200
296,285,23,26,52.610344,13.365974,51.00,12104200
297,287,22,23,52.610344,13.365973,51.00,12104300
296,287,22,28,52.610344,13.365973,51.00,12104300
296,287,22,26,52.610344,13.365973,51.00,12104300
296,288,22,20,52.610344,13.365974,50.80,12104400
295,288,22,26,52.610344,13.365974,50.80,12104400
295,286,22,27,52.610344,13.365974,50.80,12104400
295,288,22,31,52.610344,13.365974,50.80,12104500
295,287,22,26,52.610344,13.365974,50.70,12104500
294,286,22,26,52.610344,13.365974,50.70,12104500
295,285,22,27,52.610344,13.365974,50.70,12104500
295,286,22,27,52.610344,13.365975,50.70,12104600
295,287,22,20,52.610344,13.365975,50.70,12104600
296,287,22,26,52.610344,13.365975,50.70,12104600
296,285,22,26,52.610344,13.365978,50.70,12104700
296,286,22,31,52.610344,13.365978,50.70,12104700
297,288,22,20,52.610344,13.365978,50.70,12104700
297,287,22,25,52.610344,13.365979,50.70,12104800
298,289,22,20,52.610344,13.365979,50.80,12104800
298,288,22,26,52.610344,13.365979,50.80,12104800
299,290,22,23,52.610344,13.365979,50.80,12104800
299,290,22,31,52.610344,13.365979,50.80,12104900
300,291,22,31,52.610344,13.365979,50.80,12104900
300,292,22,25,52.610344,13.365979,50.80,12104900
299,292,22,27,52.610344,13.365980,50.80,12105000
300,290,22,27,52.610344,13.365980,50.90,12105000
301,292,22,26,52.610344,13.365980,50.90,12105000
300,294,22,27,52.610344,13.365980,50.90,12105100
301,293,22,31,52.610344,13.365980,51.00,12105100
301,292,22,25,52.610344,13.365980,51.00,12105100
301,293,22,26,52.610344,13.365980,51.00,12105100
301,293,22,28,52.610344,13.365981,51.20,12105200
300,293,22,25,52.610344,13.365981,51.20,12105200
300,292,22,26,52.610344,13.365981,51.20,12105200
300,290,22,25,52.610344,13.365981,51.20,12105300
301,292,22,29,52.610344,13.365981,51.20,12105300
301,291,22,25,52.610344,13.365981,51.20,12105300
300,291,22,23,52.610344,13.365981,51.20,12105300
300,290,22,26,52.610344,13.365985,51.20,12105400
299,289,22,27,52.610344,13.365985,51.20,12105400
300,289,21,26,52.610344,13.365985,51.20,12105400
300,291,22,26,52.610344,13.365985,51.20,12105500
299,289,22,31,52.610344,13.365985,51.20,12105500
298,292,22,31,52.610344,13.365985,51.20,12105500
297,292,22,25,52.610344,13.365982,51.20,12105600
296,290,22,26,52.610344,13.365982,51.20,12105600
296,290,22,21,52.610344,13.365982,51.20,12105600
295,288,22,26,52.610344,13.365982,51.20,12105600
295,290,22,30,52.610344,13.365981,51.20,12105700
295,290,22,23,52.610344,13.365981,51.20,12105700
294,288,22,26,52.610344,13.365981,51.20,12105700
294,291,21,25,52.610344,13.365980,51.20,12105800
295,289,21,26,52.610344,13.365980,51.20,12105800
296,291,22,26,52.610344,13.365980,51.20,12105800
297,291,21,27,52.610348,13.365982,51.20,12105900
298,292,22,24,52.610348,13.365982,51.20,12105900
300,292,21,23,52.610348,13.365982,51.20,12105900
301,292,22,27,52.610348,13.365982,51.20,12105900
302,295,21,26,52.610348,13.365978,51.10,12110000
304,294,22,31,52.610348,13.365978,51.10,12110000
304,297,22,25,52.610348,13.365978,51.10,12110000
304,296,22,26,52.610352,13.365967,51.10,12110100
304,295,22,26,52.610352,13.365967,51.10,12110100
304,295,22,21,52.610352,13.365967,51.10,12110100
305,297,22,26,52.610348,13.365952,51.10,12110200
306,296,22,50,52.610348,13.365952,51.00,12110200
307,297,21,31,52.610348,13.365952,51.00,12110200
306,297,21,26,52.610348,13.365952,51.00,12110200
304,298,22,20,52.610348,13.365951,51.10,12110300
305,296,22,25,52.610348,13.365951,51.10,12110300
306,296,22,23,52.610348,13.365951,51.10,12110300
306,296,22,25,52.610352,13.365951,51.20,12110400
306,297,22,22,52.610352,13.365951,51.20,12110400
307,298,22,21,52.610352,13.365951,51.20,12110400
307,296,22,30,52.610352,13.365941,51.20,12110500
308,297,22,26,52.610352,13.365941,50.90,12110500
308,297,22,31,52.610352,13.365941,50.90,12110500
309,297,22,23,52.610352,13.365941,50.90,12110500
309,298,21,27,52.610348,13.365933,50.80,12110600
309,298,22,26,52.610348,13.365933,50.80,12110600
309,294,21,30,52.610348,13.365933,50.80,12110600
308,295,21,21,52.610344,13.365933,51.20,12110700
308,296,21,24,52.610344,13.365933,51.20,12110700
307,295,21,27,52.610344,13.365933,51.20,12110700
305,294,21,27,52.610344,13.365934,51.20,12110800
304,293,22,30,52.610344,13.365934,51.30,12110800
304,292,22,25,52.610344,13.365934,51.30,12110800
304,292,22,27,52.610344,13.365934,51.30,12110800
304,293,21,27,52.610340,13.365934,51.40,12110900
305,292,21,26,52.610340,13.365934,51.40,12110900
305,292,21,26,52.610340,13.365934,51.40,12110900
306,291,21,20,52.610336,13.365931,51.40,12111000
306,293,21,26,52.610336,13.365931,51.20,12111000
306,294,21,23,52.610336,13.365931,51.20,12111000
305,291,21,31,52.610336,13.365931,51.20,12111000
304,292,21,20,52.610336,13.365930,51.20,12111100
303,292,21,24,52.610336,13.365930,51.20,12111100
302,290,21,26,52.610336,13.365930,51.20,12111100
301,289,21,24,52.610332,13.365932,51.10,12111200
300,291,21,26,52.610332,13.365932,51.10,12111200
300,287,21,23,52.610332,13.365932,51.10,12111200
300,288,22,31,52.610332,13.365938,51.10,12111300
300,289,21,26,52.610332,13.365938,51.40,12111300
299,288,21,25,52.610332,13.365938,51.40,12111300
299,287,21,25,52.610332,13.365938,51.40,12111300
301,289,21,23,52.610336,13.365940,51.60,12111400
303,292,21,22,52.610336,13.365940,51.60,12111400
303,293,21,22,52.610336,13.365940,51.60,12111400
304,291,21,28,52.610336,13.365941,51.60,12111500
304,295,22,25,52.610336,13.365941,51.60,12111500
305,295,21,24,52.610336,13.365941,51.60,12111500
305,294,21,32,52.610336,13.365941,51.60,12111600
306,294,21,20,52.610336,13.365941,51.60,12111600
307,298,21,23,52.610336,13.365941,51.60,12111600
307,296,21,25,52.610336,13.365941,51.60,12111600
307,295,21,23,52.610336,13.365943,51.50,12111700
307,297,21,25,52.610336,13.365943,51.50,12111700
307,296,21,26,52.610336,13.365943,51.50,12111700
307,296,21,26,52.610336,13.365944,51.50,12111800
307,296,21,20,52.610336,13.365944,51.50,12111800
307,295,21,23,52.610336,13.365944,51.50,12111800
307,296,21,23,52.610336,13.365945,51.50,12111900
307,293,21,31,52.610336,13.365945,51.50,12111900
306,294,21,26,52.610336,13.365945,51.50,12111900
307,296,21,20,52.610336,13.365945,51.50,12111900
307,294,22,26,52.610336,13.365943,51.40,12112000
308,293,21,25,52.610336,13.365943,51.40,12112000
308,296,21,26,52.610336,13.365943,51.40,12112000
309,297,21,23,52.610336,13.365944,51.50,12112100
308,297,22,29,52.610336,13.365944,51.50,12112100
309,295,21,26,52.610336,13.365944,51.50,12112100
308,297,21,27,52.610340,13.365940,51.50,12112200
308,294,21,25,52.610340,13.365940,51.50,12112200
308,296,22,20,52.610340,13.365940,51.50,12112200
308,296,21,23,52.610340,13.365940,51.50,12112200
309,297,22,24,52.610340,13.365940,51.40,12112300
311,297,21,31,52.610340,13.365940,51.40,12112300
311,302,21,30,52.610340,13.365940,51.40,12112300
313,302,22,20,52.610348,13.365937,51.40,12112400
313,301,22,23,52.610348,13.365937,51.40,12112400
314,303,22,26,52.610348,13.365937,51.40,12112400
314,303,22,23,52.610348,13.365937,51.40,12112400
314,303,22,21,52.610352,13.365936,51.50,12112500
313,305,21,23,52.610352,13.365936,51.50,12112500
312,303,22,26,52.610352,13.365936,51.50,12112500
311,303,22,23,52.610355,13.365936,51.60,12112600
310,302,22,21,52.610355,13.365936,51.60,12112600
309,301,22,23,52.610355,13.365936,51.60,12112600
308,302,22,25,52.610352,13.365932,51.60,12112700
309,299,22,25,52.610352,13.365932,51.80,12112700
310,300,22,25,52.610352,13.365932,51.80,12112700
310,301,22,20,52.610352,13.365932,51.80,12112700
312,301,22,26,52.610352,13.365924,51.80,12112800
311,302,22,31,52.610352,13.365924,51.80,12112800
311,300,22,26,52.610352,13.365924,51.80,12112800
312,303,22,22,52.610348,13.365922,52.00,12112900
312,301,22,23,52.610348,13.365922,52.00,12112900
312,302,22,23,52.610348,13.365922,52.00,12112900
312,303,22,20,52.610348,13.365923,52.00,12113000
313,304,22,23,52.610348,13.365923,52.50,12113000
313,303,22,27,52.610348,13.365923,52.50,12113000
313,304,22,27,52.610348,13.365923,52.50,12113000
314,305,22,26,52.610344,13.365923,52.80,12113100
314,304,22,23,52.610344,13.365923,52.80,12113100
314,304,22,23,52.610344,13.365923,52.80,12113100
314,303,22,26,52.610344,13.365920,53.20,12113200
314,307,22,22,52.610344,13.365920,53.20,12113200
316,305,22,23,52.610344,13.365920,53.20,12113200
317,308,22,27,52.610344,13.365915,53.20,12113300
318,309,22,20,52.610344,13.365915,53.60,12113300
318,310,22,25,52.610344,13.365915,53.60,12113300
318,310,22,25,52.610344,13.365915,53.60,12113300
319,310,22,25,52.610344,13.365912,54.00,12113400
319,310,22,26,52.610344,13.365912,54.00,12113400
320,311,22,31,52.610344,13.365912,54.00,12113400
320,312,22,25,52.610344,13.365909,54.50,12113500
320,312,22,25,52.610344,13.365909,54.50,12113500
321,310,22,27,52.610344,13.365909,54.50,12113500
321,311,22,24,52.610344,13.365909,54.50,12113600
320,311,22,26,52.610344,13.365909,55.00,12113600
321,310,22,26,52.610344,13.365909,55.00,12113600
321,309,22,30,52.610344,13.365909,55.00,12113600
320,309,22,20,52.610344,13.365909,55.00,12113700
321,311,22,22,52.610344,13.365909,55.00,12113700
322,311,22,26,52.610344,13.365909,55.00,12113700
322,311,22,21,52.610348,13.365912,54.90,12113800
324,313,22,26,52.610348,13.365912,54.90,12113800
324,313,22,23,52.610348,13.365912,54.90,12113800
324,314,22,20,52.610352,13.365913,54.90,12113900
324,314,22,20,52.610352,13.365913,55.10,12113900
325,315,22,24,52.610352,13.365913,55.10,12113900
325,315,22,31,52.610352,13.365913,55.10,12113900
325,316,22,26,52.610355,13.365911,54.70,12114000
326,315,22,20,52.610355,13.365911,54.70,12114000
326,316,22,20,52.610355,13.365911,54.70,12114000
327,317,22,26,52.610355,13.365910,54.90,12114100
327,317,22,26,52.610355,13.365910,54.90,12114100
327,319,22,26,52.610355,13.365910,54.90,12114100
328,318,22,23,52.610359,13.365904,54.90,12114200
328,317,22,23,52.610359,13.365904,54.90,12114200
329,318,22,27,52.610359,13.365904,54.90,12114200
329,318,22,24,52.610359,13.365904,54.90,12114200
330,319,22,26,52.610359,13.365900,55.10,12114300
330,319,22,25,52.610359,13.365900,55.10,12114300
330,318,22,23,52.610359,13.365900,55.10,12114300
330,317,22,27,52.610355,13.365895,55.20,12114400
331,319,22,20,52.610355,13.365895,55.20,12114400
330,318,22,20,52.610355,13.365895,55.20,12114400
330,318,22,26,52.610359,13.365888,55.20,12114500
330,317,22,25,52.610359,13.365888,55.40,12114500
330,315,22,22,52.610359,13.365888,55.40,12114500
329,317,22,20,52.610359,13.365888,55.40,12114500
329,316,22,21,52.610359,13.365884,55.40,12114600
328,315,22,25,52.610359,13.365884,55.40,12114600
329,317,22,23,52.610359,13.365884,55.40,12114600
329,315,22,23,52.610359,13.365881,55.90,12114700
328,315,22,20,52.610359,13.365881,55.90,12114700
327,315,21,25,52.610359,13.365881,55.90,12114700
327,314,22,27,52.610359,13.365877,55.90,12114800
327,312,22,21,52.610359,13.365877,56.20,12114800
327,315,22,23,52.610359,13.365877,56.20,12114800
327,312,21,21,52.610359,13.365877,56.20,12114800
326,313,22,21,52.610359,13.365876,56.50,12114900
325,313,21,20,52.610359,13.365876,56.50,12114900
324,312,21,25,52.610359,13.365876,56.50,12114900
324,312,22,20,52.610359,13.365870,56.50,12115000
323,309,21,21,52.610359,13.365870,56.80,12115000
323,310,21,26,52.610359,13.365870,56.80,12115000
322,309,21,21,52.610359,13.365863,56.80,12115100
321,310,21,26,52.610359,13.365863,56.90,12115100
321,311,22,21,52.610359,13.365863,56.90,12115100
321,308,21,23,52.610359,13.365863,56.90,12115100
321,308,21,26,52.610363,13.365857,57.00,12115200
320,307,21,25,52.610363,13.365857,57.00,12115200
321,310,21,20,52.610363,13.365857,57.00,12115200
321,308,21,20,52.610363,13.365848,57.00,12115300
320,310,21,26,52.610363,13.365848,57.10,12115300
320,309,21,23,52.610363,13.365848,57.10,12115300
321,307,21,22,52.610363,13.365848,57.10,12115300
320,308,21,20,52.610363,13.365839,57.00,12115400
320,308,21,24,52.610363,13.365839,57.00,12115400
320,308,21,23,52.610363,13.365839,57.00,12115400
320,308,21,25,52.610363,13.365830,57.00,12115500
320,307,21,23,52.610363,13.365830,57.00,12115500
320,309,21,22,52.610363,13.365830,57.00,12115500
321,310,21,21,52.610363,13.365822,57.00,12115600
321,309,21,26,52.610363,13.365822,57.00,12115600
321,309,21,20,52.610363,13.365822,57.00,12115600
322,310,21,22,52.610363,13.365822,57.00,12115600
323,310,21,24,52.610363,13.365809,57.00,12115700
323,309,21,27,52.610363,13.365809,57.00,12115700
323,311,21,20,52.610363,13.365809,57.00,12115700
324,313,21,20,52.610363,13.365800,57.10,12115800
323,311,21,20,52.610363,13.365800,57.10,12115800
323,311,21,20,52.610363,13.365800,57.10,12115800
323,311,21,25,52.610363,13.365788,57.10,12115900
323,312,21,22,52.610363,13.365788,57.30,12115900
323,312,21,23,52.610363,13.365788,57.30,12115900
323,311,21,22,52.610363,13.365788,57.30,12115900
323,311,21,23,52.610363,13.365772,57.30,12120000
323,311,21,25,52.610363,13.365772,57.30,12120000
322,312,21,25,52.610363,13.365772,57.30,12120000
324,313,21,22,52.610363,13.365752,57.30,12120100
324,312,21,23,52.610363,13.365752,57.30,12120100
324,314,21,20,52.610363,13.365752,57.30,12120100
325,313,21,23,52.610363,13.365737,57.30,12120200
324,312,21,23,52.610363,13.365737,57.30,12120200
323,313,21,20,52.610363,13.365737,57.30,12120200
322,314,21,23,52.610363,13.365737,57.30,12120200
320,309,21,21,52.610363,13.365728,57.10,12120300
319,308,21,27,52.610363,13.365728,57.10,12120300
316,307,21,23,52.610363,13.365728,57.10,12120300
315,306,21,20,52.610363,13.365717,56.90,12120400
314,306,21,21,52.610363,13.365717,56.90,12120400
316,307,21,23,52.610363,13.365717,56.90,12120400
318,308,21,26,52.610367,13.365700,56.90,12120500
318,307,21,20,52.610367,13.365700,56.90,12120500
316,307,21,21,52.610367,13.365700,56.90,12120500
315,304,21,22,52.610367,13.365700,56.90,12120500
314,300,21,26,52.610363,13.365684,56.80,12120600
313,303,21,23,52.610363,13.365684,56.80,12120600
314,301,21,20,52.610363,13.365684,56.80,12120600
313,297,21,21,52.610359,13.365675,56.80,12120700
312,300,21,23,52.610359,13.365675,56.70,12120700
309,298,21,20,52.610359,13.365675,56.70,12120700
308,296,21,25,52.610359,13.365675,56.70,12120700
308,295,21,31,52.610355,13.365666,56.20,12120800
307,297,21,23,52.610355,13.365666,56.20,12120800
307,297,21,23,52.610355,13.365666,56.20,12120800
308,296,21,21,52.610352,13.365676,56.10,12120900
306,297,21,20,52.610352,13.365676,56.10,12120900
306,297,21,20,52.610352,13.365676,56.10,12120900
306,297,21,20,52.610348,13.365683,56.10,12121000
306,298,21,23,52.610348,13.365683,56.00,12121000
306,298,21,20,52.610348,13.365683,56.00,12121000
306,296,21,26,52.610348,13.365683,56.00,12121000
306,296,21,21,52.610344,13.365686,55.60,12121100
305,297,21,25,52.610344,13.365686,55.60,12121100
305,297,21,23,52.610344,13.365686,55.60,12121100
304,298,22,20,52.610344,13.365683,55.30,12121200
304,294,21,23,52.610344,13.365683,55.30,12121200
303,293,22,23,52.610344,13.365683,55.30,12121200
302,293,21,22,52.610340,13.365678,55.30,12121300
301,294,22,20,52.610340,13.365678,55.50,12121300
301,293,22,20,52.610340,13.365678,55.50,12121300
301,294,22,30,52.610340,13.365678,55.50,12121300
300,293,22,23,52.610340,13.365673,55.80,12121400
300,293,22,23,52.610340,13.365673,55.80,12121400
301,293,22,23,52.610340,13.365673,55.80,12121400
300,295,22,20,52.610340,13.365670,56.40,12121500
301,295,22,23,52.610340,13.365670,56.40,12121500
301,295,22,23,52.610340,13.365670,56.40,12121500
301,293,22,25,52.610340,13.365667,56.40,12121600
302,294,22,20,52.610340,13.365667,56.90,12121600
302,294,21,22,52.610340,13.365667,56.90,12121600
301,296,22,26,52.610340,13.365667,56.90,12121600
301,294,22,23,52.610336,13.365662,56.90,12121700
301,292,22,23,52.610336,13.365662,56.90,12121700
300,293,22,23,52.610336,13.365662,56.90,12121700
301,295,22,23,52.610336,13.365658,57.40,12121800
300,295,22,20,52.610336,13.365658,57.40,12121800
300,294,22,20,52.610336,13.365658,57.40,12121800
299,293,22,25,52.610336,13.365656,57.40,12121900
299,294,22,26,52.610336,13.365656,57.60,12121900
298,292,22,23,52.610336,13.365656,57.60,12121900
298,291,22,20,52.610336,13.365656,57.60,12121900
297,293,22,23,52.610332,13.365655,57.90,12122000
295,289,22,25,52.610332,13.365655,57.90,12122000
294,284,22,26,52.610332,13.365655,57.90,12122000
293,287,22,22,52.610332,13.365652,58.40,12122100
292,285,22,20,52.610332,13.365652,58.40,12122100
291,284,22,23,52.610332,13.365652,58.40,12122100
290,281,22,28,52.610332,13.365651,58.40,12122200
289,282,22,22,52.610332,13.365651,58.90,12122200
288,280,22,25,52.610332,13.365651,58.90,12122200
288,279,22,23,52.610332,13.365651,58.90,12122200
287,279,22,20,52.610329,13.365646,58.60,12122300
286,278,22,21,52.610329,13.365646,58.60,12122300
286,278,22,22,52.610329,13.365646,58.60,12122300
285,278,22,27,52.610325,13.365642,58.00,12122400
285,274,22,21,52.610325,13.365642,58.00,12122400
285,278,22,23,52.610325,13.365642,58.00,12122400
285,276,22,26,52.610321,13.365635,58.00,12122500
286,279,22,26,52.610321,13.365635,57.70,12122500
286,277,22,20,52.610321,13.365635,57.70,12122500
286,278,22,22,52.610321,13.365635,57.70,12122500
286,276,22,31,52.610313,13.365628,57.70,12122600
286,277,22,21,52.610313,13.365628,57.70,12122600
287,279,22,20,52.610313,13.365628,57.70,12122600
287,276,22,21,52.610317,13.365621,59.20,12122700
287,279,22,20,52.610317,13.365621,59.20,12122700
287,279,22,22,52.610317,13.365621,59.20,12122700
286,279,22,26,52.610313,13.365611,59.20,12122800
286,278,22,31,52.610313,13.365611,60.30,12122800
286,278,22,23,52.610313,13.365611,60.30,12122800
286,279,22,22,52.610313,13.365611,60.30,12122800
286,278,22,20,52.610313,13.365602,60.90,12122900
286,276,22,20,52.610313,13.365602,60.90,12122900
285,278,22,20,52.610313,13.365602,60.90,12122900
286,279,22,20,52.610306,13.365591,61.00,12123000
286,278,22,26,52.610306,13.365591,61.00,12123000
286,278,22,23,52.610306,13.365591,61.00,12123000
286,279,22,26,52.610310,13.365586,61.00,12123100
286,278,22,26,52.610310,13.365586,62.50,12123100
286,279,22,20,52.610310,13.365586,62.50,12123100
286,278,22,23,52.610310,13.365586,62.50,12123100
286,280,22,21,52.610306,13.365579,63.40,12123200
286,281,22,20,52.610306,13.365579,63.40,12123200
286,278,22,20,52.610306,13.365579,63.40,12123200
286,279,22,26,52.610310,13.365576,63.40,12123300
286,278,22,27,52.610310,13.365576,65.00,12123300
285,279,22,20,52.610310,13.365576,65.00,12123300
285,277,22,22,52.610310,13.365571,65.00,12123400
285,275,22,23,52.610310,13.365571,65.80,12123400
284,278,21,23,52.610310,13.365571,65.80,12123400
284,277,22,23,52.610310,13.365571,65.80,12123400
284,274,22,23,52.610313,13.365566,67.30,12123500
283,277,22,31,52.610313,13.365566,67.30,12123500
283,274,22,22,52.610313,13.365566,67.30,12123500
283,274,22,23,52.610313,13.365564,67.30,12123600
284,275,22,23,52.610313,13.365564,68.70,12123600
284,275,22,21,52.610313,13.365564,68.70,12123600
284,276,22,23,52.610313,13.365564,68.70,12123600
284,276,22,20,52.610317,13.365560,70.20,12123700
284,275,22,25,52.610317,13.365560,70.20,12123700
285,275,22,20,52.610317,13.365560,70.20,12123700
285,276,22,25,52.610317,13.365558,71.90,12123800
285,275,22,26,52.610317,13.365558,71.90,12123800
286,278,22,21,52.610317,13.365558,71.90,12123800
286,277,22,26,52.610317,13.365556,71.90,12123900
286,276,22,24,52.610317,13.365556,73.30,12123900
287,278,22,20,52.610317,13.365556,73.30,12123900
287,278,22,23,52.610317,13.365556,73.30,12123900
287,279,22,24,52.610317,13.365556,74.70,12124000
287,279,22,27,52.610317,13.365556,74.70,12124000
287,279,22,23,52.610317,13.365556,74.70,12124000
287,277,22,23,52.610321,13.365557,76.20,12124100
287,278,22,25,52.610321,13.365557,76.20,12124100
287,277,22,22,52.610321,13.365557,76.20,12124100
287,278,22,20,52.610321,13.365558,76.20,12124200
287,276,22,23,52.610321,13.365558,77.60,12124200
287,277,22,31,52.610321,13.365558,77.60,12124200
288,278,22,20,52.610321,13.365558,77.60,12124200
287,279,22,20,52.610321,13.365556,78.70,12124300
287,279,22,23,52.610321,13.365556,78.70,12124300
287,279,22,23,52.610321,13.365556,78.70,12124300
287,277,22,20,52.610321,13.365556,80.20,12124400
287,279,22,20,52.610321,13.365556,80.20,12124400
287,280,22,27,52.610321,13.365556,80.20,12124400
288,279,22,24,52.610321,13.365557,80.20,12124500
288,280,22,21,52.610321,13.365557,81.70,12124500
289,282,22,22,52.610321,13.365557,81.70,12124500
289,280,22,21,52.610321,13.365557,81.70,12124500
289,282,22,23,52.610321,13.365558,83.20,12124600
290,283,22,20,52.610321,13.365558,83.20,12124600
290,282,22,25,52.610321,13.365558,83.20,12124600
290,282,22,20,52.610321,13.365560,84.70,12124700
291,283,22,21,52.610321,13.365560,84.70,12124700
291,283,22,23,52.610321,13.365560,84.70,12124700
291,284,22,20,52.610317,13.365558,84.70,12124800
292,283,22,20,52.610317,13.365558,84.70,12124800
292,282,22,20,52.610317,13.365558,84.70,12124800
292,282,22,24,52.610317,13.365560,87.10,12124900
292,283,22,23,52.610317,13.365560,87.10,12124900
292,281,22,23,52.610317,13.365560,87.10,12124900
292,283,22,20,52.610317,13.365560,87.10,12125000
292,285,22,20,52.610317,13.365560,88.30,12125000
293,284,22,25,52.610317,13.365560,88.30,12125000
294,282,22,31,52.610317,13.365560,88.30,12125000
295,285,22,22,52.610317,13.365561,89.80,12125100
295,287,22,26,52.610317,13.365561,89.80,12125100
295,285,22,22,52.610317,13.365561,89.80,12125100
296,287,22,20,52.610313,13.365568,89.80,12125200
298,289,22,24,52.610313,13.365568,90.80,12125200
299,289,22,21,52.610313,13.365568,90.80,12125200
301,292,22,26,52.610313,13.365568,90.80,12125300
300,291,22,22,52.610313,13.365568,91.30,12125300
299,289,22,22,52.610313,13.365568,91.30,12125300
298,289,22,20,52.610313,13.365568,91.30,12125300
296,288,22,22,52.610306,13.365571,90.60,12125400
294,287,22,21,52.610306,13.365571,90.60,12125400
292,285,22,21,52.610306,13.365571,90.60,12125400
291,282,22,22,52.610310,13.365571,90.60,12125500
291,283,22,20,52.610310,13.365571,91.40,12125500
292,284,22,23,52.610310,13.365571,91.40,12125500
292,284,22,20,52.610310,13.365571,91.40,12125500
293,283,22,21,52.610317,13.365588,91.70,12125600
293,286,22,20,52.610317,13.365588,91.70,12125600
294,285,22,23,52.610317,13.365588,91.70,12125600
295,287,22,20,52.610329,13.365603,92.40,12125700
296,287,22,20,52.610329,13.365603,92.40,12125700
296,287,22,23,52.610329,13.365603,92.40,12125700
296,286,22,20,52.610332,13.365612,92.40,12125800
297,288,22,22,52.610332,13.365612,92.60,12125800
297,290,22,23,52.610332,13.365612,92.60,12125800
298,289,22,21,52.610332,13.365612,92.60,12125800
298,288,22,20,52.610336,13.365622,93.40,12125900
299,288,21,20,52.610336,13.365622,93.40,12125900
299,290,22,20,52.610336,13.365622,93.40,12125900
301,290,21,23,52.610336,13.365623,94.20,12130000
302,290,21,22,52.610336,13.365623,94.20,12130000
302,293,21,22,52.610336,13.365623,94.20,12130000
303,292,21,20,52.610336,13.365628,94.20,12130100
304,292,21,21,52.610336,13.365628,95.30,12130100
305,293,21,20,52.610336,13.365628,95.30,12130100
305,294,21,21,52.610336,13.365628,95.30,12130100
305,294,22,25,52.610336,13.365633,96.50,12130200
305,293,21,23,52.610336,13.365633,96.50,12130200
305,292,21,20,52.610336,13.365633,96.50,12130200
306,293,21,20,52.610336,13.365641,97.50,12130300
307,294,21,20,52.610336,13.365641,97.50,12130300
306,295,21,22,52.610336,13.365641,97.50,12130300
308,293,21,20,52.610336,13.365649,97.50,12130400
307,296,21,20,52.610336,13.365649,98.60,12130400
307,296,21,20,52.610336,13.365649,98.60,12130400
308,295,21,20,52.610336,13.365649,98.60,12130400
309,296,21,20,52.610336,13.365655,99.80,12130500
309,297,21,20,52.610336,13.365655,99.80,12130500
309,297,21,23,52.610336,13.365655,99.80,12130500
308,297,21,20,52.610336,13.365662,101.00,12130600
310,297,21,21,52.610336,13.365662,101.00,12130600
310,297,21,20,52.610336,13.365662,101.00,12130600
310,299,21,23,52.610336,13.365665,101.00,12130700
310,299,21,20,52.610336,13.365665,102.10,12130700
309,297,21,20,52.610336,13.365665,102.10,12130700
309,296,21,21,52.610336,13.365665,102.10,12130700
309,297,21,20,52.610336,13.365669,103.30,12130800
309,297,21,20,52.610336,13.365669,103.30,12130800
310,298,21,23,52.610336,13.365669,103.30,12130800
309,295,21,20,52.610336,13.365674,104.30,12130900
