mq2,mq135,temp,hum,lat,lon,alt
31.88,11255.45,24,33,52.534393,13.435849,10.3
31.88,429.18,25,31,52.534378,13.435847,10.3
31.19,378.35,25,33,52.534378,13.435847,8.5
31.88,414.15,25,32,52.534374,13.435854,8
31.88,421.62,25,30,52.534374,13.435842,7.9
32.58,392.37,25,30,52.534374,13.435829,7.9
31.88,371.48,24,33,52.534374,13.435829,7.7
31.19,406.79,25,32,52.53437,13.435821,6.7
31.19,399.53,22,20,52.53437,13.435827,6.3
31.88,392.37,22,20,52.534367,13.435818,6.3
32.58,371.48,25,32,52.534367,13.435818,5.9
32.58,399.53,25,32,52.534367,13.435807,6.2
31.88,399.53,22,20,52.53437,13.435785,6.2
31.19,406.79,25,32,52.534374,13.435776,6.2
31.19,371.48,25,33,52.534374,13.435776,7.1
31.88,392.37,25,31,52.534374,13.435761,7.7
31.19,392.37,24,31,52.53437,13.435768,6.9
31.88,399.53,24,33,52.53437,13.435765,6.9
31.88,364.72,25,31,52.53437,13.435765,7.9
31.88,399.53,25,31,52.53437,13.435772,8.7
31.19,385.31,25,33,52.534378,13.435781,10.1
31.19,392.37,22,20,52.53437,13.435777,10.1
31.88,371.48,25,31,52.53437,13.435777,8.9
31.19,392.37,25,31,52.53437,13.435776,8.7
31.88,385.31,22,20,52.53437,13.435763,8.2
31.19,385.31,25,32,52.53437,13.435753,8.2
31.88,392.37,25,31,52.53437,13.435764,8.2
31.88,351.46,25,32,52.53437,13.435764,8
31.19,385.31,26,31,52.534363,13.435759,5.7
31.19,392.37,25,32,52.534359,13.435749,4.5
31.19,392.37,25,31,52.534355,13.435728,4.5
31.88,371.48,22,20,52.534355,13.435728,3.1
31.19,385.31,25,32,52.534351,13.43573,2
31.19,385.31,25,33,52.534348,13.435722,1
31.19,399.53,20,19,52.534348,13.435723,1
31.19,371.48,22,20,52.534348,13.435723,0.2
31.19,378.35,21,20,52.534348,13.435706,-0.2
31.19,392.37,25,31,52.53434,13.435704,-1.7
30.51,378.35,25,31,52.53434,13.43571,-1.7
31.19,351.46,25,31,52.53434,13.43571,-2.7
30.51,392.37,25,30,52.534336,13.435724,-3.7
30.51,392.37,22,20,52.534336,13.435733,-4.2
30.51,378.35,25,31,52.534332,13.435742,-4.2
30.51,351.46,22,20,52.534332,13.435742,-5.2
31.19,385.31,22,20,52.534332,13.435732,-5.2
30.51,385.31,21,20,52.53434,13.435729,-4.5
30.51,371.48,25,30,52.534344,13.435741,-4.5
30.51,351.46,25,31,52.534344,13.435741,-4.3
30.51,392.37,22,20,52.534348,13.435746,-4.3
30.51,364.72,25,32,52.534348,13.435746,-3.5
30.51,371.48,25,32,52.534348,13.435756,-3.6
29.85,371.48,22,20,52.534359,13.435749,-3.6
29.85,351.46,22,20,52.534359,13.435749,-1.2
29.85,378.35,22,20,52.53437,13.435755,1.6
30.51,385.31,25,31,52.534382,13.435771,5
30.51,364.72,22,20,52.534389,13.435793,5
29.85,351.46,25,31,52.534389,13.435793,8.5
30.51,371.48,22,20,52.534363,13.435748,-0.1
29.85,392.37,22,20,52.53437,13.435733,-1
29.85,371.48,25,32,52.534378,13.435727,-1
30.51,351.46,21,20,52.534378,13.435727,-0.6
29.85,371.48,22,20,52.53437,13.435721,-1
29.85,392.37,22,20,52.534359,13.435745,-1.3
29.85,385.31,22,20,52.534359,13.43573,-1.2
29.85,378.35,25,31,52.534363,13.435719,-1.2
29.85,351.46,22,20,52.534363,13.435719,-1.3
29.85,371.48,22,20,52.534359,13.435743,-0.9
29.85,364.72,22,20,52.534367,13.435729,-0.7
29.19,371.48,22,20,52.534363,13.43572,-0.7
29.19,358.04,25,31,52.534363,13.43572,4.3
29.85,371.48,22,20,52.53437,13.435736,5.8
29.19,371.48,25,31,52.534363,13.435724,6.2
29.19,378.35,22,20,52.534348,13.435747,6.2
29.85,351.46,25,32,52.534348,13.435747,7
29.19,364.72,26,31,52.53434,13.435752,7.7
29.19,364.72,22,20,52.534328,13.435761,7.9
29.19,364.72,22,20,52.534325,13.43577,7.9
29.19,344.98,26,31,52.534325,13.43577,8.5
29.19,364.72,26,31,52.534317,13.435781,9
29.19,378.35,25,31,52.534306,13.435774,9.9
29.85,358.04,22,20,52.534306,13.43579,9.9
28.55,332.28,25,32,52.534306,13.43579,10
29.19,364.72,25,31,52.534298,13.435785,8
29.19,378.35,25,31,52.534294,13.435778,3.4
29.19,364.72,22,20,52.53429,13.435765,3.4
29.19,326.07,25,33,52.53429,13.435765,1.1
28.55,385.31,26,32,52.534245,13.435655,1.1
27.92,344.98,25,30,52.534245,13.435655,-1.1
28.55,358.04,22,20,52.534256,13.43562,-0.9
28.55,378.35,25,32,52.534271,13.435634,-3.5
28.55,358.04,22,20,52.534286,13.43566,-3.5
28.55,338.58,25,31,52.534286,13.43566,-3.9
28.55,371.48,25,30,52.534298,13.435665,-4.3
28.55,378.35,25,32,52.534302,13.435676,-3.7
28.55,364.72,22,20,52.534313,13.435664,-3.7
28.55,338.58,26,32,52.534313,13.435664,-3.5
29.19,351.46,26,31,52.534317,13.435665,-5.2
28.55,371.48,25,32,52.534321,13.435668,-6.3
28.55,358.04,25,32,52.534317,13.435655,-7.4
28.55,364.72,26,30,52.534321,13.435654,-7.4
28.55,338.58,25,32,52.534321,13.435654,-7.7
27.92,364.72,25,32,52.534321,13.435646,-8
28.55,358.04,22,20,52.534321,13.43565,-8.3
28.55,358.04,22,20,52.534321,13.435653,-8.3
28.55,344.98,22,20,52.534321,13.435653,-8.3
28.55,351.46,22,20,52.534325,13.435655,-8.4
28.55,364.72,25,31,52.534325,13.43565,-9
27.92,371.48,22,20,52.534325,13.435643,-9
27.92,332.28,25,32,52.534325,13.435643,-10.2
27.92,351.46,26,31,52.534325,13.435635,-11.6
27.92,364.72,22,20,52.534325,13.435627,-13.7
28.55,364.72,25,32,52.534325,13.435621,-13.7
27.92,338.58,26,31,52.534325,13.435621,-15.8
28.55,351.46,25,31,52.53434,13.435645,-10.1
27.92,358.04,22,20,52.534344,13.435652,-7.9
29.19,351.46,25,31,52.534348,13.435676,-7.9
28.55,344.98,22,20,52.534348,13.435676,-16.4
28.55,344.98,25,31,52.534355,13.435701,-17.5
28.55,358.04,25,31,52.534355,13.435718,-27.3
27.92,371.48,26,31,52.534351,13.435734,-27.7
27.92,364.72,25,31,52.534351,13.435744,-27.7
27.92,332.28,22,20,52.534351,13.435744,-28
27.92,344.98,20,19,52.534351,13.435755,-27.5
27.92,358.04,22,20,52.534351,13.435765,-26.5
28.55,358.04,26,31,52.534351,13.435772,-26.5
27.92,332.28,23,19,52.534351,13.435772,-25.6
27.92,364.72,25,31,52.534348,13.435779,-24.9
27.92,351.46,26,31,52.534348,13.435809,-24.6
27.92,344.98,23,19,52.534351,13.435831,-24.6
27.92,332.28,22,20,52.534351,13.435831,-24.2
27.92,364.72,22,20,52.534355,13.435893,-23.8
27.92,351.46,26,32,52.534355,13.435956,-23.4
27.92,364.72,25,32,52.534359,13.436024,-23.4
27.92,338.58,26,31,52.534359,13.436024,-23.4
27.92,351.46,26,31,52.534363,13.436081,-23.2
27.92,344.98,25,31,52.53437,13.436137,-22.2
27.92,358.04,25,31,52.534374,13.436173,-21.4
27.92,344.98,25,31,52.534374,13.43622,-21.4
27.92,332.28,25,31,52.534374,13.43622,-20.8
27.92,351.46,22,20,52.534386,13.436277,-18
27.92,338.58,25,31,52.534378,13.436287,-18
27.30,319.94,26,32,52.534378,13.436287,-12.9
27.92,364.72,26,32,52.534374,13.436288,-17.3
27.92,358.04,25,31,52.534374,13.436322,-16.9
27.92,344.98,25,30,52.534382,13.436346,-15.9
27.30,351.46,26,32,52.534382,13.43637,-15.9
27.92,319.94,25,31,52.534382,13.43637,-13.2
27.30,358.04,22,20,52.534374,13.436407,-13.2
27.30,326.07,22,20,52.534374,13.436407,-4.1
27.30,358.04,22,20,52.534382,13.4364,-1.6
27.30,344.98,25,31,52.534405,13.43634,1.8
27.92,344.98,22,20,52.534401,13.436346,2.2
27.92,351.46,22,20,52.534405,13.436352,2.2
27.30,338.58,26,30,52.534405,13.436352,2.1
27.30,351.46,25,31,52.534386,13.436377,4.5
27.30,358.04,26,32,52.534378,13.43638,4.5
27.30,332.28,25,30,52.534378,13.43638,4.9
27.30,338.58,25,31,52.534363,13.436393,6.3
27.30,358.04,26,32,52.53437,13.436446,6.3
27.30,332.28,26,32,52.53437,13.436446,-4.6
27.30,344.98,26,30,52.534374,13.43651,-4.2
27.30,351.46,25,31,52.534374,13.43654,-5.9
27.30,344.98,25,31,52.534378,13.436547,-5.9
26.69,338.58,25,31,52.534378,13.436547,-5.2
27.30,338.58,26,32,52.534386,13.436555,-4.2
26.69,344.98,25,32,52.534386,13.436563,-3.2
26.69,351.46,26,32,52.534393,13.436549,-3.2
26.09,326.07,25,31,52.534393,13.436549,-1.5
26.69,344.98,22,20,52.534405,13.436561,0.7
27.30,358.04,26,31,52.534409,13.436563,2.2
26.69,358.04,23,19,52.534416,13.43656,3.5
27.30,332.28,25,31,52.534416,13.436558,3.5
26.69,319.94,26,30,52.534416,13.436558,4.7
26.69,344.98,26,31,52.53442,13.436559,4.3
26.69,344.98,26,32,52.53442,13.436536,2.6
26.69,351.46,26,32,52.534424,13.436514,2.6
26.69,319.94,22,20,52.534424,13.436514,3.2
27.30,338.58,26,32,52.534424,13.436495,5.2
26.69,338.58,26,31,52.534424,13.436467,4.8
26.69,358.04,22,20,52.534424,13.436449,4.8
26.69,326.07,25,31,52.534424,13.436449,11.5
27.30,338.58,26,31,52.534424,13.436434,12.3
26.69,344.98,26,31,52.534428,13.436425,12.7
26.69,358.04,22,20,52.534431,13.436417,12.7
26.69,326.07,26,32,52.534431,13.436417,12.7
26.09,332.28,23,19,52.534435,13.436408,12.7
26.69,344.98,25,31,52.534435,13.436402,12.4
26.69,332.28,26,32,52.534439,13.436398,12.4
26.69,313.91,26,31,52.534439,13.436398,12.3
26.69,351.46,25,30,52.534439,13.436395,12.3
26.69,313.91,25,31,52.534439,13.436395,12.1
27.30,344.98,26,32,52.534439,13.436391,11.6
26.69,326.07,26,31,52.534443,13.436388,11.6
27.30,319.94,26,31,52.534443,13.436388,11
26.09,338.58,26,31,52.534443,13.436386,10.2
26.69,351.46,25,31,52.534443,13.436384,9.6
26.69,344.98,26,30,52.534443,13.436387,9.6
27.30,319.94,26,30,52.534443,13.436387,9.3
26.69,338.58,26,31,52.534443,13.436389,9.2
26.09,332.28,26,31,52.534443,13.436389,8.6
26.69,344.98,26,32,52.534443,13.436385,8.6
26.69,319.94,25,33,52.534443,13.436385,8
26.69,344.98,26,31,52.534443,13.436389,7.6
26.69,338.58,26,31,52.534443,13.436387,7.5
26.69,344.98,26,31,52.534443,13.436399,7.5
26.09,326.07,26,31,52.534443,13.436399,6.6
26.69,332.28,26,33,52.534447,13.436408,6.6
26.69,338.58,25,31,52.534447,13.43641,6.6
26.09,351.46,23,19,52.534451,13.436407,6.3
26.69,332.28,26,32,52.534447,13.43641,6.3
26.69,313.91,26,31,52.534447,13.43641,6
26.09,351.46,26,31,52.534435,13.436436,6.2
26.09,332.28,26,31,52.534439,13.436454,7.5
26.69,344.98,26,32,52.534447,13.436461,7.5
26.69,319.94,23,19,52.534447,13.436461,7.5
26.09,326.07,26,31,52.534447,13.436482,7.7
26.69,344.98,26,31,52.534451,13.436485,7.1
26.09,338.58,25,32,52.534451,13.43651,7.1
26.09,307.96,26,32,52.534451,13.43651,6.6
26.09,338.58,26,31,52.534451,13.436536,7.4
26.09,338.58,25,31,52.534458,13.436556,8.4
26.69,332.28,26,32,52.534462,13.436595,8.4
26.09,313.91,26,31,52.534462,13.436595,9.6
26.09,344.98,20,19,52.534466,13.436604,10.9
26.69,332.28,26,31,52.534473,13.436637,11.5
26.09,344.98,23,19,52.534466,13.436627,11.5
26.09,326.07,26,32,52.534466,13.436627,8.1
26.09,319.94,26,31,52.534466,13.436631,6.7
26.69,338.58,25,31,52.534466,13.436638,5.7
26.09,338.58,25,31,52.534462,13.436653,5.7
26.69,313.91,26,31,52.534462,13.436653,5.6
26.09,332.28,25,31,52.534462,13.43665,4.8
25.50,344.98,25,31,52.53447,13.436681,2.1
26.69,338.58,26,32,52.534477,13.436688,2.8
26.69,332.28,26,31,52.534481,13.436691,2.8
25.50,313.91,26,32,52.534481,13.436691,2.8
26.09,344.98,23,19,52.534481,13.436684,2.2
26.69,332.28,25,31,52.534485,13.436684,2.3
26.09,351.46,25,31,52.534489,13.436666,2.3
26.69,326.07,25,31,52.534489,13.436666,2.2
26.09,326.07,23,19,52.534489,13.436648,2
26.09,338.58,26,32,52.534492,13.436638,2
26.09,338.58,25,31,52.534492,13.436631,2
26.09,326.07,26,31,52.534492,13.436631,1.9
26.09,332.28,26,31,52.534492,13.436624,2
26.09,332.28,23,19,52.534496,13.43661,2.2
26.09,338.58,26,29,52.534496,13.436607,2.2
26.09,319.94,25,31,52.534496,13.436607,2.5
26.09,332.28,26,31,52.5345,13.436593,2.5
26.09,338.58,25,30,52.5345,13.436584,2
26.09,344.98,26,32,52.534496,13.436586,2
26.09,319.94,23,19,52.534496,13.436586,1.7
26.09,332.28,26,31,52.534504,13.43658,2
25.50,344.98,23,19,52.534504,13.436582,1.9
26.09,332.28,26,32,52.534504,13.436586,1.9
26.09,313.91,26,31,52.534504,13.436586,2.7
26.69,326.07,22,20,52.534515,13.436569,2.7
26.09,313.91,22,20,52.534515,13.436569,2.7
26.09,326.07,26,31,52.534519,13.436545,1.4
26.09,338.58,20,19,52.534531,13.436527,1.4
25.50,313.91,22,20,52.534531,13.436527,-0.5
26.09,332.28,25,30,52.534538,13.436511,-1.6
26.09,332.28,23,19,52.53455,13.436489,-3.4
26.09,338.58,26,31,52.534565,13.436466,-3.4
25.50,319.94,26,31,52.534565,13.436466,-3
25.50,326.07,26,31,52.53458,13.436445,-3.6
26.09,332.28,25,32,52.534584,13.436448,-3.6
26.09,332.28,23,19,52.53458,13.436455,-3.6
25.50,313.91,26,31,52.53458,13.436455,-7.9
26.09,326.07,25,30,52.534576,13.436468,-8.7
25.50,326.07,20,19,52.534569,13.436482,-10.5
25.50,338.58,26,31,52.534561,13.436507,-10.5
25.50,319.94,26,32,52.534561,13.436507,-10.8
25.50,326.07,23,19,52.534554,13.436538,-10.7
25.50,332.28,26,33,52.534546,13.436551,-11.2
25.50,326.07,26,32,52.534538,13.436564,-11.2
25.50,307.96,26,31,52.534538,13.436564,-12
25.50,332.28,26,31,52.534531,13.436577,-12
24.92,313.91,26,32,52.534531,13.436577,-12.9
26.09,332.28,23,19,52.534527,13.4366,-13.5
25.50,332.28,26,31,52.534519,13.436617,-13.5
25.50,307.96,26,32,52.534519,13.436617,-14
26.09,332.28,26,30,52.534512,13.436625,-13.9
26.09,319.94,26,30,52.534512,13.436633,-13.7
25.50,344.98,26,31,52.534508,13.436647,-13.7
25.50,313.91,26,32,52.534508,13.436647,-13.5
25.50,326.07,26,31,52.5345,13.436655,-13.1
24.92,332.28,26,31,52.534492,13.436662,-13.3
24.92,313.91,26,30,52.534489,13.436676,-13.3
24.92,97.73,25,30,52.534489,13.436676,-12.2
25.50,378.35,26,30,52.534485,13.436689,-12.2
25.50,326.07,26,31,52.534485,13.436689,-9.1
26.09,332.28,26,31,52.534481,13.436694,-5.7
25.50,326.07,26,31,52.534485,13.436693,-5.7
25.50,319.94,26,32,52.534485,13.436693,-3.9
25.50,332.28,23,19,52.534504,13.436699,8.6
25.50,332.28,23,19,52.534504,13.436709,7.9
26.09,326.07,26,31,52.5345,13.436698,7.9
25.50,307.96,26,32,52.5345,13.436698,6.4
26.09,338.58,23,19,52.5345,13.436715,3.5
26.09,364.72,26,31,52.534508,13.436658,7.5
26.09,319.94,23,19,52.534473,13.436643,9.5
26.09,344.98,26,32,52.534466,13.436553,9.5
26.09,326.07,26,31,52.534466,13.436553,22.2
26.09,351.46,26,32,52.534447,13.436495,17.2
26.09,344.98,26,32,52.534447,13.436499,12
26.09,313.91,26,32,52.534454,13.4363,29.3
26.09,338.58,22,20,52.534451,13.436246,29.3
26.09,290.63,26,32,52.534451,13.436246,29.4
26.09,351.46,26,31,52.534443,13.436193,28.8
26.09,332.28,26,32,52.534447,13.436154,29.7
26.69,332.28,26,30,52.534439,13.436039,29.7
25.50,319.94,22,20,52.534439,13.436039,31
24.92,332.28,26,30,52.534424,13.436002,23.2
26.09,344.98,26,31,52.534416,13.435999,11.1
26.09,319.94,26,31,52.534416,13.436014,11.1
26.09,319.94,26,31,52.534416,13.436014,6.8
26.09,338.58,22,20,52.534405,13.436036,9.3
25.50,338.58,26,31,52.534397,13.436046,14.5
25.50,307.96,26,31,52.534416,13.436199,14.5
25.50,344.98,26,32,52.534416,13.436199,2.7
25.50,371.48,26,31,52.53442,13.436261,-4.6
25.50,358.04,26,30,52.534428,13.436346,-8.8
26.09,332.28,26,31,52.53442,13.43644,-8.8
25.50,313.91,26,31,52.53442,13.43644,-12.6
25.50,332.28,23,19,52.534409,13.436522,-9.3
25.50,351.46,26,32,52.534401,13.436576,-5.6
25.50,326.07,26,32,52.534378,13.43663,-5.6
25.50,332.28,25,31,52.534378,13.43663,-6.5
24.92,319.94,26,31,52.534382,13.436655,-13.6
24.92,371.48,26,32,52.534386,13.436684,-15.5
24.92,332.28,26,31,52.534378,13.436717,-15.5
25.50,253.06,26,31,52.534378,13.436717,-10.5
24.92,319.94,26,31,52.534382,13.436733,-9.6
25.50,371.48,25,32,52.534378,13.43673,-8.4
24.92,378.35,26,32,52.534378,13.436726,-7.5
24.92,319.94,22,20,52.534382,13.436734,-7.5
24.92,326.07,23,19,52.534382,13.436734,-6.5
25.50,326.07,23,19,52.534382,13.436742,-4.6
25.50,326.07,26,32,52.534386,13.436733,-2.5
24.92,338.58,26,32,52.534382,13.436751,-2.5
24.92,307.96,25,32,52.534382,13.436751,-2
25.50,307.96,25,31,52.534386,13.436759,-2.6
24.92,332.28,26,31,52.534367,13.436661,24.2
25.50,358.04,26,32,52.534355,13.436625,24.2
24.92,302.10,26,31,52.534355,13.436625,21
25.50,326.07,26,31,52.53434,13.436549,33.1
24.92,351.46,25,30,52.534313,13.436477,32.6
25.50,296.32,26,32,52.534302,13.436431,32.6
25.50,313.91,22,20,52.534302,13.436431,24.2
25.50,332.28,23,19,52.534294,13.436402,20.9
25.50,332.28,26,31,52.534283,13.436363,11.8
24.35,285.02,22,20,52.534286,13.436301,11.8
24.92,319.94,23,19,52.534286,13.436301,19.7
25.50,332.28,26,31,52.534286,13.436275,40
25.50,326.07,25,33,52.534286,13.436245,38.2
25.50,344.98,25,32,52.53429,13.436187,38.2
25.50,296.32,23,19,52.53429,13.436187,34
24.92,364.72,23,19,52.534283,13.436154,28.8
25.50,351.46,26,31,52.53429,13.436115,21.3
25.50,344.98,22,20,52.534283,13.436103,21.3
25.50,326.07,26,31,52.534283,13.436103,18.9
26.09,274.05,23,19,52.534275,13.436087,18.9
24.92,290.63,25,31,52.534275,13.436087,16.9
25.50,371.48,22,20,52.534275,13.436048,22.6
25.50,326.07,22,20,52.534286,13.436008,22.6
25.50,319.94,25,31,52.534286,13.436008,24.6
25.50,338.58,22,20,52.534294,13.435975,14.9
26.09,319.94,25,30,52.534302,13.435944,11.7
26.09,9744.00,25,31,52.534576,13.436041,-22
25.50,364.72,25,31,52.534378,13.436326,-38.5
25.50,351.46,25,29,52.534225,13.436368,-38.5
25.50,332.28,22,20,52.534225,13.436368,-37.2
25.50,332.28,22,20,52.534286,13.436425,-27.4
25.50,338.58,22,20,52.534294,13.436523,-27.4
26.09,296.32,22,20,52.534294,13.436523,-22.5
25.50,319.94,22,20,52.534527,13.436522,-22.5
25.50,302.10,22,20,52.534527,13.436522,19.2
26.09,338.58,25,31,52.534649,13.436512,42.5
26.09,319.94,22,20,52.534668,13.436538,42.5
26.09,319.94,22,20,52.534668,13.436538,48.4
26.09,371.48,25,30,52.534649,13.436558,54.5
26.69,351.46,22,20,52.534645,13.436588,56.2
24.92,344.98,22,20,52.534618,13.43664,56.2
26.09,296.32,25,32,52.534618,13.43664,58.7
26.09,344.98,22,20,52.534588,13.436682,58.7
25.50,313.91,22,20,52.534588,13.436682,58.7
26.09,332.28,22,20,52.534584,13.436717,59.2
26.69,332.28,22,20,52.534557,13.436765,59.2
26.09,307.96,25,31,52.534557,13.436765,60.2
26.09,326.07,22,20,52.534546,13.436786,61.2
26.09,338.58,22,20,52.534534,13.436831,63.8
26.09,338.58,22,20,52.534527,13.43686,63.8
25.50,302.10,25,32,52.534527,13.43686,66.9
25.50,313.91,22,20,52.534508,13.4369,67.4
24.92,313.91,22,20,52.534515,13.43694,69.1
25.50,332.28,22,20,52.534504,13.43698,69.1
25.50,313.91,24,34,52.534504,13.43698,70.1
24.92,344.98,22,20,52.534485,13.436998,70.6
25.50,332.28,24,33,52.534466,13.437025,72.1
25.50,326.07,21,20,52.534451,13.437045,72.1
25.50,307.96,24,32,52.534451,13.437045,73.5
25.50,326.07,25,30,52.534428,13.43706,73
25.50,332.28,24,33,52.53442,13.437079,73
25.50,326.07,22,20,52.534405,13.43709,73
24.35,313.91,24,32,52.534405,13.43709,73.6
24.35,326.07,24,31,52.534374,13.437103,72.6
24.92,332.28,24,32,52.53437,13.437138,72.7
24.92,358.04,25,31,52.534363,13.437158,72.7
25.50,332.28,24,32,52.534359,13.437162,72.7
24.92,296.32,22,20,52.534359,13.437162,73
24.92,344.98,24,32,52.534344,13.437177,72.7
24.92,332.28,24,32,52.534332,13.437183,72.5
24.92,351.46,24,32,52.534325,13.437212,72.5
25.50,296.32,21,20,52.534325,13.437212,75
24.35,313.91,24,32,52.534313,13.437224,75.3
24.92,313.91,24,32,52.534302,13.437228,74
25.50,313.91,24,32,52.534279,13.437243,74
24.35,302.10,24,32,52.534279,13.437243,73.4
24.92,313.91,21,20,52.534264,13.437256,72.7
24.35,332.28,24,32,52.534248,13.43726,71.7
24.35,313.91,24,31,52.534245,13.437268,71.7
24.92,307.96,24,33,52.534245,13.437268,71.7
24.35,313.91,21,20,52.534237,13.437295,71.7
24.92,319.94,21,20,52.534225,13.437333,73.2
24.92,307.96,21,20,52.534225,13.437342,73.2
24.35,313.91,24,32,52.534225,13.437342,73.1
24.35,307.96,24,32,52.534214,13.437346,72
24.35,351.46,24,30,52.534203,13.437365,72.6
24.92,326.07,24,31,52.534199,13.437367,73
24.35,332.28,21,20,52.534187,13.437371,73
24.35,290.63,21,20,52.534187,13.437371,73.3
23.79,302.10,24,32,52.53413,13.437137,65
24.35,319.94,24,30,52.534084,13.437019,65.4
24.35,307.96,24,31,52.534046,13.436975,65.4
24.92,313.91,21,20,52.534046,13.436975,63
23.79,313.91,24,31,52.533916,13.437001,66.7
24.35,364.72,24,31,52.533901,13.437014,65.8
24.35,313.91,24,33,52.533894,13.437024,65.8
24.35,285.02,24,32,52.533894,13.437024,65.1
23.24,319.94,24,32,52.533901,13.437042,63.6
24.35,307.96,24,33,52.533905,13.437027,62.5
24.35,332.28,24,31,52.533897,13.43702,62.5
24.35,296.32,24,32,52.533897,13.43702,61.1
24.35,313.91,24,31,52.533894,13.437016,60.4
23.79,326.07,21,20,52.53389,13.437014,59.4
24.35,319.94,20,21,52.533878,13.437002,59.4
23.79,307.96,24,33,52.533878,13.437002,59.3
23.79,313.91,21,20,52.533882,13.436991,57.9
24.35,332.28,24,32,52.533878,13.436971,55.7
23.79,319.94,24,32,52.533878,13.436959,55.7
23.79,302.10,20,21,52.533878,13.436959,53.7
23.79,319.94,24,32,52.533871,13.436941,52.5
23.79,338.58,24,32,52.533867,13.436932,50.9
24.35,302.10,24,32,52.533863,13.43692,50.9
23.24,296.32,24,32,52.533863,13.43692,48.9
23.79,313.91,24,31,52.533844,13.436915,48.9
24.35,285.02,24,31,52.533844,13.436915,47.1
23.79,319.94,24,31,52.533829,13.436914,45.8
23.79,319.94,24,32,52.533813,13.436893,45.8
23.79,285.02,24,32,52.533813,13.436893,44
24.35,313.91,24,32,52.533794,13.436878,42.8
23.79,313.91,23,33,52.533791,13.436867,42.9
23.79,307.96,23,30,52.533791,13.43684,42.9
23.79,302.10,23,32,52.533791,13.43684,42.1
24.35,332.28,23,31,52.533783,13.436799,42.7
23.79,319.94,23,34,52.533756,13.436789,43
23.79,319.94,23,32,52.533741,13.436772,43
23.79,296.32,23,32,52.533741,13.436772,41.7
23.79,344.98,23,31,52.533745,13.436767,43
23.79,332.28,23,31,52.533733,13.436764,42
23.79,332.28,23,31,52.53373,13.436757,42
23.79,296.32,23,32,52.53373,13.436757,40.4
23.79,319.94,23,31,52.533726,13.436727,38.4
23.79,326.07,23,31,52.53371,13.436721,38.3
23.24,338.58,20,21,52.533718,13.436703,38.3
23.79,307.96,23,32,52.533718,13.436703,39.2
23.79,326.07,20,21,52.53373,13.436687,41.4
23.24,338.58,23,32,52.533726,13.436659,42.8
23.24,326.07,23,32,52.533722,13.436634,42.4
23.79,319.94,23,32,52.533707,13.43662,42.4
23.24,307.96,23,31,52.533707,13.43662,40.1
23.79,319.94,23,32,52.533695,13.436619,40.7
23.24,326.07,23,32,52.533688,13.436613,41.4
23.79,302.10,23,32,52.533684,13.436602,41.4
23.24,296.32,20,21,52.533684,13.436602,41.9
23.79,319.94,20,21,52.53368,13.436598,41.6
23.79,344.98,23,32,52.533688,13.436593,43.4
24.35,302.10,23,31,52.533676,13.436579,43.4
23.24,302.10,20,21,52.533676,13.436579,42.5
23.24,319.94,23,32,52.533672,13.436553,41.5
23.79,319.94,19,21,52.533669,13.436533,42.6
23.24,351.46,20,21,52.533665,13.436526,42.6
23.79,302.10,22,33,52.533665,13.436526,43.5
23.79,319.94,19,21,52.533661,13.436503,41.8
23.79,326.07,20,21,52.533646,13.436429,39.1
23.24,313.91,23,32,52.533642,13.436379,39.1
23.79,296.32,22,33,52.533642,13.436379,41.1
23.79,319.94,22,33,52.533623,13.436347,37.5
23.79,307.96,22,33,52.533619,13.436322,36.3
23.79,332.28,22,31,52.533611,13.436307,35.6
23.24,326.07,23,32,52.533596,13.436291,35.6
23.24,290.63,22,33,52.533596,13.436291,34.1
23.79,332.28,22,33,52.533619,13.436265,33.2
23.79,307.96,22,34,52.533596,13.436247,33.2
23.79,307.96,22,35,52.533596,13.436247,32.2
23.79,332.28,22,33,52.533573,13.436234,31.3
23.24,338.58,19,21,52.533554,13.436202,28.8
23.24,332.28,19,21,52.533539,13.436189,28.8
24.35,290.63,22,33,52.533539,13.436189,29
23.24,296.32,22,32,52.53352,13.43618,29.5
23.24,326.07,22,33,52.533501,13.436174,30.2
23.24,307.96,22,33,52.533485,13.436168,30.2
23.24,307.96,22,33,52.533485,13.436168,31.6
22.70,319.94,22,33,52.53347,13.436167,33.1
23.24,332.28,22,33,52.533417,13.436179,36.6
22.70,313.91,22,33,52.533405,13.436178,36.6
22.70,302.10,22,33,52.533405,13.436178,37.1
22.70,307.96,22,33,52.533405,13.436157,39.3
22.70,319.94,22,32,52.533401,13.436144,38.6
22.17,302.10,22,33,52.533409,13.436138,38.6
22.17,274.05,21,31,52.533409,13.436138,40
22.17,326.07,22,33,52.53339,13.436134,40.5
22.70,378.35,22,33,52.533375,13.436126,41
22.70,302.10,22,33,52.533371,13.436113,41
23.24,358.04,22,33,52.533356,13.436113,41
22.70,263.40,19,21,52.533356,13.436113,41.8
22.17,307.96,22,32,52.533348,13.436119,42.7
22.70,302.10,22,33,52.533333,13.436115,43.1
22.70,358.04,19,21,52.533306,13.436073,43.1
23.24,258.19,22,32,52.533306,13.436073,42.3
22.70,296.32,22,33,52.533287,13.436066,42.6
23.24,385.31,22,32,52.533272,13.436046,42.6
23.24,258.19,19,21,52.533272,13.436046,42
23.24,302.10,22,33,52.533257,13.436036,42
23.79,319.94,22,33,52.533257,13.436036,43.9
23.79,302.10,18,22,52.533257,13.43601,45.4
23.79,307.96,22,33,52.533237,13.435994,45.4
23.79,326.07,22,33,52.533237,13.435994,45.5
23.79,313.91,22,33,52.533211,13.435969,47
23.79,332.28,22,32,52.533173,13.435962,48.4
24.35,296.32,21,33,52.533142,13.435964,48.4
23.24,302.10,21,32,52.533142,13.435964,49.4
23.24,326.07,19,21,52.533123,13.435982,50.9
23.24,326.07,22,32,52.533112,13.435988,52.5
23.24,313.91,21,33,52.533085,13.435987,52.5
23.79,296.32,22,33,52.533085,13.435987,54.5
23.79,319.94,21,33,52.533089,13.435955,55.5
23.79,313.91,21,34,52.533062,13.435923,53.8
23.79,313.91,21,35,52.533035,13.435905,54
23.79,332.28,21,35,52.533035,13.43589,54
23.24,307.96,21,32,52.533035,13.43589,54.2
23.79,313.91,21,34,52.533035,13.43587,53.1
24.35,326.07,21,33,52.533039,13.43586,52.6
23.79,307.96,21,33,52.533024,13.43586,52.6
23.79,332.28,21,33,52.533024,13.43586,54.4
24.35,319.94,18,22,52.533001,13.435861,55.9
23.79,338.58,21,33,52.532982,13.435846,57.8
23.79,344.98,21,33,52.532967,13.435843,57.8
23.79,307.96,21,34,52.532967,13.435843,59.1
23.79,351.46,21,33,52.532921,13.435837,60.8
24.35,319.94,21,33,52.532906,13.435825,60.9
24.35,358.04,21,33,52.532917,13.43581,60.9
24.35,285.02,21,32,52.532917,13.43581,60.3
24.35,332.28,21,32,52.532909,13.435803,61.2
24.35,319.94,21,35,52.532909,13.435793,60.7
24.35,326.07,21,33,52.532898,13.435775,60.7
24.35,307.96,18,22,52.532898,13.435775,61.2
24.92,302.10,18,22,52.532898,13.435776,60.7
24.92,332.28,21,33,52.532879,13.43577,61.4
24.92,332.28,21,33,52.532852,13.435755,61.4
24.92,332.28,18,22,52.532852,13.435755,61.8
24.92,319.94,21,33,52.532825,13.435733,62.2
24.92,371.48,21,34,52.532764,13.435628,56.8
24.92,344.98,21,33,52.532742,13.435575,56.8
24.92,313.91,21,33,52.532742,13.435575,56.1
24.92,358.04,18,22,52.532719,13.435552,56.3
24.92,344.98,21,33,52.532688,13.435528,54.6
24.92,338.58,21,33,52.532654,13.435499,53.7
24.92,351.46,21,33,52.532639,13.435478,53.7
24.92,319.94,21,34,52.532639,13.435478,52.6
24.92,332.28,21,33,52.532627,13.435453,52.9
24.92,326.07,21,33,52.532612,13.435441,53.1
24.35,326.07,18,22,52.5326,13.435433,53.1
24.92,351.46,21,33,52.5326,13.435433,53.2
24.92,332.28,21,33,52.532597,13.435425,52.4
24.92,332.28,21,34,52.532604,13.435412,51.7
24.92,344.98,21,33,52.532593,13.435394,51.7
24.92,307.96,21,33,52.532593,13.435394,53.3
24.35,313.91,21,32,52.532593,13.435365,53
24.35,344.98,21,33,52.532589,13.435347,52.6
24.92,364.72,21,34,52.532574,13.435335,52.6
24.35,313.91,21,33,52.532574,13.435335,52.7
24.35,344.98,21,32,52.532574,13.43533,52.8
24.92,344.98,21,34,52.532562,13.435329,52.7
24.35,332.28,21,35,52.532558,13.435322,52.7
24.35,351.46,21,33,52.532558,13.435322,52.7
24.92,344.98,21,35,52.532551,13.435308,52.6
24.35,364.72,21,33,52.532543,13.435301,54.2
24.35,326.07,21,33,52.532543,13.435286,54.2
23.79,358.04,21,33,52.532543,13.435286,53.8
24.35,344.98,18,22,52.532532,13.435262,51.6
24.35,371.48,21,33,52.532532,13.435251,51.2
24.35,351.46,21,33,52.532528,13.43524,51
24.92,406.79,21,34,52.532536,13.435218,51
24.35,307.96,17,22,52.532536,13.435218,50
23.79,319.94,21,33,52.532532,13.435199,48.5
24.35,313.91,21,34,52.532528,13.435168,46.7
24.35,338.58,21,33,52.53252,13.435152,46.7
23.79,351.46,18,22,52.53252,13.435152,45
24.35,332.28,18,22,52.532501,13.43514,44.1
23.79,326.07,21,33,52.532497,13.43513,43.9
23.24,319.94,21,34,52.532475,13.435127,43.9
23.79,302.10,18,22,52.532475,13.435127,42.4
24.35,344.98,17,22,52.532459,13.435122,41.4
23.79,332.28,21,34,52.532452,13.435105,41
23.79,319.94,17,22,52.53244,13.4351,41
23.24,344.98,21,32,52.532433,13.435079,41
23.79,307.96,21,34,52.532433,13.435079,39.8
23.79,326.07,21,33,52.532429,13.435059,39.7
23.79,319.94,18,22,52.532413,13.435036,39.7
24.35,302.10,17,22,52.532413,13.435036,38.2
23.79,326.07,18,22,52.53241,13.435016,37.7
23.79,344.98,18,22,52.53241,13.434985,37.2
23.79,332.28,18,22,52.532406,13.434948,37.2
23.79,313.91,21,34,52.532406,13.434948,35.8
23.24,326.07,21,32,52.532398,13.434928,35.7
23.79,364.72,21,33,52.532383,13.43493,38.1
23.24,326.07,21,34,52.532375,13.434912,38.1
23.24,307.96,17,22,52.532375,13.434912,38.3
23.79,338.58,21,33,52.532364,13.434896,38.3
23.24,307.96,21,34,52.532364,13.434896,36.6
23.24,332.28,21,33,52.532356,13.434896,37.1
23.24,332.28,18,22,52.532352,13.434896,37.1
23.24,302.10,21,34,52.532352,13.434896,37.1
24.35,319.94,21,33,52.532349,13.434887,36.7
23.24,326.07,17,22,52.532333,13.434871,34.1
23.24,290.63,21,33,52.532318,13.434864,34.1
23.79,296.32,21,34,52.532318,13.434864,32.3
23.79,332.28,21,33,52.532303,13.434851,31.6
23.24,364.72,21,34,52.53233,13.434857,46.5
23.24,326.07,17,22,52.532337,13.434863,46.5
23.79,302.10,21,33,52.532337,13.434863,47.8
23.79,338.58,21,33,52.532337,13.434853,48.2
23.24,332.28,21,33,52.532333,13.434838,48.6
23.79,313.91,21,34,52.532326,13.43483,48.6
23.79,319.94,21,34,52.532326,13.43483,49
23.24,332.28,17,22,52.532307,13.43481,49.3
24.35,344.98,21,32,52.532299,13.434796,49.7
23.79,332.28,20,35,52.532288,13.4348,49.7
23.79,332.28,20,36,52.532288,13.4348,50
23.79,344.98,21,34,52.532265,13.434763,50
23.79,307.96,21,33,52.532265,13.434763,50.7
23.79,371.48,21,34,52.532249,13.434738,50.7
23.79,344.98,20,34,52.53223,13.434715,50.7
23.24,319.94,21,34,52.53223,13.434715,50.8
23.79,351.46,17,22,52.5322,13.43469,51.2
23.79,351.46,21,33,52.532173,13.43467,51.2
24.35,338.58,21,34,52.532146,13.434652,51.2
23.79,313.91,17,22,52.532146,13.434652,51.3
23.79,338.58,21,34,52.532135,13.434627,51.3
24.35,338.58,21,34,52.532112,13.43461,51.1
24.35,344.98,21,33,52.532097,13.43459,51.1
24.92,332.28,21,34,52.532097,13.43459,51
24.35,338.58,17,22,52.532078,13.434567,51.4
24.35,344.98,21,34,52.532051,13.434561,51.2
24.35,371.48,17,22,52.532032,13.434541,51.2
24.35,332.28,21,34,52.532032,13.434541,51
24.35,351.46,21,33,52.532013,13.43452,51.4
24.35,344.98,21,34,52.53199,13.434518,52
24.35,351.46,21,34,52.531956,13.434526,52
24.35,338.58,21,34,52.531956,13.434526,52.5
24.92,344.98,21,34,52.531937,13.434537,52.8
24.35,364.72,17,22,52.531937,13.434534,53.8
24.35,385.31,21,34,52.531929,13.434533,54.2
24.35,338.58,21,34,52.531918,13.434536,54.2
23.79,296.32,21,34,52.531918,13.434536,54.4
24.35,364.72,17,22,52.531918,13.434532,54.8
24.35,344.98,21,34,52.531925,13.434511,55.6
24.35,351.46,21,34,52.531918,13.4345,55.6
24.35,326.07,21,34,52.531918,13.4345,56
23.79,371.48,21,34,52.531914,13.434498,56
23.79,332.28,20,35,52.531918,13.434485,56.3
23.79,385.31,21,35,52.531921,13.434481,56.3
24.35,326.07,20,37,52.531921,13.434481,56.7
23.79,332.28,21,34,52.531918,13.434479,56.6
23.24,364.72,20,36,52.531918,13.434476,56.7
23.79,344.98,21,34,52.531937,13.434453,56.7
23.79,358.04,20,35,52.531937,13.434453,56.9
24.35,338.58,21,32,52.531937,13.434439,56.9
23.79,378.35,17,22,52.531933,13.434423,56.7
23.79,351.46,20,36,52.531925,13.434431,56.7
24.35,326.07,17,22,52.531925,13.434431,56.8
23.79,364.72,17,22,52.531921,13.434437,56.9
23.79,338.58,21,34,52.531914,13.43444,57
24.35,364.72,21,34,52.531921,13.434437,57
23.79,326.07,21,34,52.531921,13.434437,57.3
23.79,338.58,21,34,52.531918,13.434425,57.7
23.24,344.98,17,22,52.531914,13.434417,58
23.79,351.46,21,34,52.53191,13.434417,58
23.79,313.91,20,36,52.53191,13.434417,58.3
23.79,344.98,20,36,52.531906,13.434415,58.3
23.79,351.46,21,34,52.531898,13.434424,58.4
23.24,351.46,21,34,52.531898,13.43441,58.4
23.24,344.98,21,34,52.531898,13.43441,58.6
24.35,351.46,17,22,52.531906,13.434384,58.8
23.24,385.31,20,36,52.531887,13.434392,58.8
23.79,344.98,17,22,52.531876,13.434385,58.9
23.24,344.98,21,34,52.531883,13.434366,58.9
23.79,326.07,21,34,52.531883,13.434366,59.2
23.79,358.04,21,34,52.531872,13.434354,59.4
24.35,344.98,20,37,52.531887,13.434332,59.6
23.24,364.72,21,35,52.531895,13.434321,59.6
23.24,332.28,21,35,52.531895,13.434321,60
23.79,338.58,17,22,52.531895,13.434299,60
23.24,344.98,21,35,52.531914,13.434271,60.1
23.24,338.58,21,36,52.53191,13.434257,60.1
23.24,326.07,21,35,52.53191,13.434257,60
23.24,344.98,21,34,52.531918,13.434216,59.8
23.24,338.58,21,36,52.531929,13.43419,59.5
23.24,344.98,20,36,52.531971,13.43415,59.5
23.24,332.28,20,36,52.531971,13.43415,61.4
23.24,344.98,21,35,52.531967,13.434148,61.3
23.24,351.46,21,36,52.531971,13.434141,60.9
23.79,351.46,21,36,52.531982,13.434132,60.9
23.24,326.07,21,35,52.531982,13.434132,60.7
23.24,364.72,21,34,52.531998,13.434111,60.6
23.24,338.58,21,35,52.532009,13.434079,60.7
23.24,364.72,17,22,52.532009,13.434048,60.7
23.24,332.28,17,22,52.532009,13.434048,60.8
23.24,351.46,17,22,52.532013,13.434033,61
23.79,351.46,20,37,52.532021,13.434005,60.7
23.24,364.72,21,35,52.532028,13.433982,60.7
23.24,332.28,21,36,52.532028,13.433982,60.8
23.79,344.98,21,35,52.532032,13.433951,61.1
24.35,351.46,20,36,52.532021,13.433936,61.3
24.35,364.72,20,37,52.532021,13.433892,61.4
23.79,351.46,20,35,52.532017,13.433865,61.4
24.35,351.46,21,34,52.532017,13.433865,61.8
24.35,358.04,20,35,52.532032,13.433847,61.5
24.92,351.46,21,35,52.532051,13.433841,61.5
24.35,344.98,21,36,52.532051,13.433841,61.6
24.35,364.72,20,36,52.532051,13.433822,61.9
24.35,364.72,21,36,52.532051,13.43381,62.2
24.92,358.04,21,36,52.532047,13.433797,62.2
23.79,326.07,21,36,52.532047,13.433797,62.4
24.35,344.98,21,36,52.532047,13.433784,63.3
24.35,378.35,21,36,52.532051,13.433755,63.3
23.79,351.46,21,36,52.532055,13.433754,63.5
23.79,371.48,21,35,52.532063,13.433733,63.5
24.35,338.58,17,22,52.532063,13.433733,64.2
24.35,344.98,21,34,52.532055,13.433721,64.8
24.35,364.72,17,22,52.532066,13.433681,65
24.35,378.35,21,36,52.532063,13.433664,65
24.35,344.98,21,36,52.532063,13.433664,65.5
24.35,358.04,21,35,52.53207,13.433658,65.7
24.35,364.72,21,37,52.532089,13.433639,66.8
23.79,344.98,21,36,52.532101,13.433626,66.8
24.35,344.98,21,36,52.532101,13.433626,66.8
23.79,344.98,21,36,52.532127,13.433609,66.9
23.79,351.46,21,36,52.532146,13.433607,67
23.24,358.04,21,36,52.532173,13.433584,67
23.79,351.46,20,37,52.532188,13.433582,67
23.79,344.98,20,38,52.532188,13.433582,66.5
24.35,358.04,17,22,52.5322,13.433573,67
23.79,344.98,21,37,52.532219,13.43356,67
23.79,338.58,21,36,52.532219,13.43356,66.8
23.79,351.46,21,35,52.532249,13.433563,67.8
23.24,358.04,21,37,52.532291,13.433551,69.2
23.79,371.48,17,22,52.532318,13.433559,69.2
23.24,351.46,21,36,52.532318,13.433559,69.8
23.79,358.04,21,35,52.532314,13.433557,69.7
23.79,358.04,21,37,52.53231,13.433537,69.1
23.24,351.46,17,22,52.53233,13.433517,69.1
23.24,344.98,21,36,52.53233,13.433517,69
23.24,351.46,21,35,52.532322,13.433515,67.9
23.24,344.98,17,22,52.532341,13.433508,67.9
23.79,358.04,21,38,52.532352,13.43348,67.9
23.79,358.04,17,22,52.532352,13.43348,67
23.24,358.04,21,36,52.532375,13.433458,67
23.79,371.48,17,22,52.532379,13.433448,66.7
23.79,358.04,21,37,52.532402,13.433417,66.7
23.24,326.07,21,36,52.532402,13.433417,66
23.79,364.72,21,36,52.532417,13.433391,67
23.24,371.48,21,36,52.532417,13.433358,65.2
23.79,358.04,20,38,52.532421,13.433307,65.2
24.35,378.35,21,35,52.532433,13.433273,61.9
22.70,392.37,17,22,52.532421,13.433286,60.1
24.35,364.72,21,35,52.532436,13.433274,60.1
24.35,332.28,20,38,52.532436,13.433274,59.3
24.92,364.72,21,36,52.532421,13.433239,59.3
24.35,351.46,15,22,52.532421,13.433239,57.2
24.35,392.37,21,36,52.532444,13.433162,55.6
24.92,371.48,21,37,52.532459,13.433111,55.6
25.50,326.07,21,37,52.532459,13.433111,53.2
24.92,371.48,21,36,52.532471,13.433058,51.8
24.92,392.37,21,37,52.532471,13.43302,50.9
24.92,392.37,21,36,52.532475,13.43299,50.9
25.50,351.46,21,37,52.532475,13.43299,50.1
25.50,385.31,21,36,52.532467,13.432962,49.4
24.92,385.31,17,22,52.532463,13.432947,49
24.92,378.35,21,37,52.532478,13.43292,49
24.92,358.04,21,36,52.532478,13.43292,49.1
24.92,371.48,21,36,52.532463,13.432905,47.8
24.92,371.48,21,37,52.532436,13.432895,48.1
25.50,385.31,21,36,52.532429,13.432885,48.1
25.50,358.04,21,35,52.532429,13.432885,47.1
25.50,371.48,21,37,52.532452,13.432854,46.1
25.50,378.35,21,36,52.532501,13.4328,46.6
25.50,371.48,20,39,52.53252,13.432775,46.6
24.92,385.31,20,36,52.532547,13.432749,47.8
25.50,385.31,21,38,52.532585,13.432684,47
25.50,378.35,20,40,52.532608,13.432654,47
26.09,358.04,21,37,52.532608,13.432654,48.1
25.50,371.48,20,37,52.532635,13.432612,48.6
26.09,378.35,17,22,52.532646,13.432572,48.4
25.50,378.35,20,39,52.532658,13.432553,48.4
25.50,351.46,21,37,52.532658,13.432553,48
25.50,378.35,21,36,52.532673,13.432531,48.5
25.50,364.72,21,37,52.532684,13.432518,48.6
24.92,378.35,17,22,52.532703,13.432497,48.6
25.50,351.46,21,37,52.532703,13.432497,49.3
26.09,371.48,21,36,52.532711,13.432489,49.3
25.50,364.72,17,22,52.532707,13.432475,48.4
24.92,371.48,21,37,52.5327,13.432467,48.4
24.92,344.98,21,38,52.5327,13.432467,48
24.92,371.48,17,22,52.532696,13.432456,48.1
24.35,364.72,17,22,52.532688,13.432446,47.8
24.35,371.48,21,37,52.532677,13.432438,47.8
24.35,358.04,21,38,52.532677,13.432438,47.5
23.79,378.35,21,37,52.532665,13.432414,47
24.35,358.04,17,22,52.532665,13.432413,47.2
23.79,378.35,21,38,52.532646,13.432391,47.2
23.79,358.04,21,37,52.532639,13.43238,47.2
23.79,326.07,21,37,52.532639,13.43238,46
23.24,358.04,17,22,52.532627,13.432369,46.2
23.24,351.46,21,38,52.532616,13.432355,46.2
23.24,338.58,21,38,52.532616,13.432355,46.4
23.24,364.72,21,38,52.532608,13.432344,46.9
23.24,358.04,21,37,52.532608,13.432338,46.9
23.24,358.04,21,38,52.5326,13.432323,46.9
23.24,326.07,21,38,52.5326,13.432323,47.1
23.24,378.35,21,37,52.532589,13.432312,46.9
23.24,358.04,21,38,52.532581,13.432295,46.3
23.24,358.04,21,37,52.532578,13.432281,46.3
23.24,351.46,21,37,52.532578,13.432281,46.8
23.24,371.48,21,37,52.532574,13.432263,47
23.24,371.48,21,38,52.532566,13.432239,47.1
22.70,338.58,21,38,52.532558,13.43222,47.1
23.24,351.46,21,38,52.532558,13.43222,47.4
24.35,332.28,17,22,52.532551,13.432197,47.9
23.79,364.72,17,22,52.532536,13.432166,48.4
23.79,364.72,21,38,52.532528,13.432156,48.4
23.24,358.04,21,37,52.532528,13.432156,48.7
23.24,364.72,17,22,52.53252,13.432128,48.5
23.24,371.48,17,22,52.532509,13.432117,50.1
23.79,351.46,17,22,52.532501,13.432092,50.1
23.24,364.72,21,37,52.532509,13.432078,52
23.24,371.48,21,38,52.532497,13.43206,52.3
23.24,358.04,21,38,52.532486,13.432033,51
23.79,364.72,21,37,52.532475,13.432014,51
23.24,364.72,21,38,52.532475,13.432014,50.7
23.24,378.35,21,35,52.532475,13.432009,51.9
24.35,358.04,17,22,52.532463,13.431995,52.1
24.35,364.72,21,39,52.532455,13.431985,52.1
24.35,371.48,17,22,52.532455,13.431985,52.1
24.35,378.35,21,36,52.532444,13.431967,52.1
24.35,378.35,20,42,52.532433,13.431956,51.7
24.92,378.35,17,22,52.532421,13.431946,51.7
24.35,344.98,21,38,52.532421,13.431946,51
24.35,385.31,21,38,52.532406,13.431917,49.9
24.35,378.35,21,37,52.532391,13.431908,49.9
24.35,344.98,17,22,52.532391,13.431908,49.5
24.92,371.48,17,22,52.532379,13.431894,49.5
24.92,358.04,21,38,52.532379,13.431894,49.1
24.35,406.79,21,37,52.532368,13.431891,48.7
24.35,399.53,21,39,52.532356,13.431882,48.7
24.92,358.04,21,37,52.532356,13.431882,48.7
24.92,406.79,21,37,52.532349,13.43187,48.3
25.50,399.53,20,41,52.532341,13.431855,48.1
26.09,392.37,17,22,52.532318,13.431852,48.1
25.50,399.53,17,22,52.532299,13.431847,46.8
25.50,399.53,21,38,52.53228,13.431844,46
25.50,406.79,21,38,52.532272,13.431849,46
25.50,385.31,21,38,52.532272,13.431849,45.7
26.09,406.79,21,38,52.532265,13.431848,45.5
25.50,429.18,17,22,52.532257,13.431848,45.2
26.09,392.37,21,38,52.532249,13.431855,45.2
26.09,364.72,17,22,52.532249,13.431855,45.8
26.69,429.18,21,38,52.532284,13.43186,43.8
25.50,392.37,21,38,52.53228,13.431862,43.5
26.09,385.31,21,39,52.532284,13.431866,43.5
26.09,378.35,21,39,52.532284,13.431866,43
25.50,392.37,17,22,52.532284,13.431869,42.8
25.50,399.53,21,38,52.532295,13.431877,42.8
25.50,385.31,17,22,52.532303,13.431893,42.8
25.50,378.35,21,39,52.532303,13.431893,42.6
25.50,392.37,21,37,52.53231,13.43189,41.3
25.50,399.53,21,39,52.532318,13.431898,40.3
26.09,392.37,21,38,52.532333,13.431911,40.3
25.50,378.35,17,22,52.532333,13.431911,40.4
26.09,406.79,20,39,52.532299,13.431921,39
26.09,406.79,21,39,52.532291,13.431942,39.3
25.50,421.62,21,40,52.532276,13.431966,39.3
26.09,414.15,17,22,52.532242,13.431969,39.3
26.09,399.53,21,40,52.532242,13.431969,39.6
25.50,421.62,21,38,52.532234,13.431995,39.2
26.09,399.53,21,38,52.5322,13.432019,39.2
25.50,414.15,17,22,52.5322,13.432019,39.4
26.09,429.18,21,39,52.532181,13.432043,39.1
25.50,406.79,20,40,52.532173,13.432054,38.7
25.50,406.79,21,39,52.532185,13.432072,38.7
25.50,385.31,20,42,52.532185,13.432072,38.5
25.50,406.79,21,37,52.532181,13.432085,38.3
25.50,429.18,20,40,52.532173,13.432097,38.7
25.50,406.79,21,39,52.532162,13.43211,38.7
25.50,371.48,21,39,52.532162,13.43211,39
26.09,392.37,17,22,52.532127,13.432116,40.2
26.09,444.63,17,23,52.532104,13.43213,40.4
24.92,421.62,21,39,52.532093,13.432138,40.4
26.09,378.35,21,40,52.532093,13.432138,40.4
26.09,406.79,21,38,52.532097,13.432155,40.6
26.69,421.62,20,39,52.532089,13.432163,40.2
26.09,444.63,20,40,52.532047,13.432197,40.2
26.09,399.53,20,40,52.532047,13.432197,41.5
26.09,421.62,21,39,52.532036,13.432205,41.6
25.50,406.79,20,40,52.532028,13.432224,41.6
26.09,399.53,21,40,52.532017,13.432238,41.6
26.09,421.62,20,40,52.532001,13.432251,41.6
26.09,399.53,21,40,52.532001,13.432251,41.1
25.50,406.79,21,38,52.532005,13.432261,40.7
26.09,392.37,21,39,52.531971,13.432277,40.7
26.09,378.35,20,41,52.531971,13.432277,42.1
24.92,385.31,21,38,52.531967,13.432284,41.7
24.92,371.48,21,39,52.531998,13.432329,41.3
24.92,378.35,21,39,52.532013,13.432348,41.3
24.92,399.53,21,39,52.532013,13.432348,42.2
25.50,378.35,18,25,52.532001,13.432377,42.8
25.50,399.53,21,39,52.53199,13.432405,43.1
26.09,421.62,21,40,52.531979,13.432438,43.1
26.09,399.53,21,40,52.531979,13.432438,44.5
26.09,399.53,20,40,52.531963,13.432461,44.3
26.69,421.62,20,40,52.531948,13.432476,44.2
26.09,414.15,20,41,52.531948,13.432485,44.2
26.09,392.37,20,39,52.531948,13.432485,44.2
26.09,414.15,17,23,52.531937,13.432514,44.1
26.09,399.53,21,39,52.531929,13.43254,45
26.09,421.62,21,40,52.531921,13.432553,45
26.09,385.31,21,41,52.531921,13.432553,44.2
26.09,414.15,21,39,52.531918,13.432571,44.1
24.92,392.37,20,39,52.53191,13.432594,44.9
25.50,429.18,20,40,52.53191,13.432618,44.9
26.09,385.31,20,41,52.53191,13.432618,43.6
25.50,392.37,20,40,52.531895,13.432634,43.6
26.09,414.15,20,42,52.531872,13.432649,44
26.69,399.53,20,41,52.531849,13.432665,44
26.09,452.52,20,40,52.531849,13.432665,44.3
26.69,406.79,20,40,52.53183,13.432674,44.2
26.09,436.86,17,24,52.531815,13.432684,44.8
26.09,399.53,20,42,52.531784,13.43272,44.8
26.09,399.53,20,40,52.531784,13.43272,47.3
25.50,414.15,17,22,52.531776,13.432749,47.4
26.09,414.15,20,39,52.531761,13.432768,48.2
26.09,429.18,21,41,52.531754,13.432783,48.2
26.09,421.62,17,33,52.531754,13.432783,48.8
26.09,421.62,20,40,52.531784,13.432801,48.4
26.69,436.86,21,41,52.531765,13.432824,49
26.09,414.15,20,42,52.531765,13.432837,49
26.69,421.62,20,42,52.531765,13.432837,49.6
26.69,436.86,17,26,52.531765,13.432862,50.4
27.30,429.18,17,28,52.531746,13.432879,50.2
26.09,414.15,20,42,52.531727,13.432899,50.2
26.69,399.53,17,29,52.531727,13.432899,51
26.09,421.62,17,25,52.531731,13.432914,51.6
26.09,406.79,20,42,52.531727,13.432927,50.7
26.09,421.62,21,39,52.531715,13.432948,50.7
26.09,399.53,21,40,52.531715,13.432948,50.7
26.09,392.37,20,41,52.531712,13.432968,51
26.09,444.63,20,42,52.531696,13.432987,51
26.09,399.53,20,42,52.531696,13.432987,51
26.09,378.35,20,41,52.531689,13.433008,50.4
24.92,421.62,20,41,52.531673,13.433039,48.7
25.50,399.53,20,42,52.531631,13.433068,48.7
26.09,399.53,21,41,52.531631,13.433068,48.8
26.09,421.62,20,39,52.531612,13.433127,51.3
26.09,436.86,20,41,52.531635,13.433158,51.7
25.50,414.15,20,42,52.531612,13.433251,51.7
24.92,392.37,20,42,52.531612,13.433251,47.5
26.09,421.62,20,40,52.531578,13.433328,45.2
26.09,399.53,20,42,52.531563,13.433364,46
26.09,436.86,20,42,52.531517,13.433397,46
26.69,399.53,20,42,52.531517,13.433397,45.7
26.69,414.15,17,25,52.531487,13.433434,47.2
27.30,436.86,21,41,52.531464,13.433472,47.9
26.09,414.15,17,33,52.531448,13.433496,47.9
27.30,444.63,20,42,52.531448,13.433496,48.8
27.30,421.62,21,40,52.531437,13.433522,48.1
26.69,444.63,20,42,52.531422,13.433536,46.4
26.69,436.86,20,42,52.531399,13.433545,46.2
27.30,436.86,20,41,52.531399,13.433582,46.2
27.30,444.63,17,29,52.531399,13.433582,48.7
26.69,444.63,20,42,52.53138,13.433598,48
27.30,436.86,20,42,52.531357,13.433619,48
26.69,444.63,20,42,52.531357,13.433619,49.2
26.69,452.52,17,33,52.531353,13.433627,48.8
27.30,429.18,17,33,52.531353,13.433635,48.9
26.69,421.62,20,42,52.531345,13.433645,48.9
26.69,392.37,20,42,52.531345,13.433645,49
26.09,421.62,20,42,52.531349,13.433665,50
26.69,421.62,17,29,52.531345,13.433681,49.6
26.69,429.18,20,42,52.531345,13.433691,49.6
26.69,399.53,20,42,52.531345,13.433691,49.2
26.69,429.18,20,41,52.531342,13.433705,49.9
26.69,421.62,20,42,52.531326,13.433728,49.9
26.69,436.86,20,42,52.531322,13.433735,49.9
25.50,414.15,20,42,52.531322,13.433735,50.5
26.09,414.15,20,41,52.531322,13.433741,51.6
25.50,429.18,20,42,52.531315,13.433752,51.7
26.09,414.15,20,42,52.531307,13.433765,51.7
26.09,429.18,20,42,52.531307,13.433765,52.6
26.69,414.15,20,42,52.531277,13.433771,53.6
26.09,444.63,17,33,52.531265,13.433779,54
26.69,406.79,20,42,52.531254,13.4338,54
26.09,406.79,20,42,52.531254,13.4338,54.2
26.09,399.53,17,33,52.531246,13.433823,55.1
26.09,414.15,17,33,52.531231,13.433847,54.8
25.50,399.53,20,43,52.531239,13.433876,54.8
26.09,406.79,20,42,52.531239,13.433876,55.3
26.09,414.15,20,41,52.531227,13.433892,54.9
26.09,429.18,20,42,52.531216,13.433906,54.1
26.09,421.62,20,42,52.531231,13.433922,54.1
26.69,399.53,17,33,52.531231,13.433922,53.5
25.50,414.15,20,42,52.531231,13.433949,53.7
26.69,429.18,17,33,52.531208,13.433988,52.5
26.09,414.15,20,42,52.531193,13.434009,52.5
26.69,460.51,20,42,52.531193,13.434009,51.4
26.69,444.63,17,28,52.531178,13.434043,50.4
26.69,444.63,20,42,52.531166,13.434098,52.2
27.30,429.18,20,42,52.531181,13.434127,52.2
27.30,421.62,20,42,52.531181,13.434127,52.5
27.30,468.62,17,33,52.531185,13.434133,51.3
27.30,468.62,20,42,52.531151,13.434152,52.9
27.30,460.51,17,33,52.531109,13.43419,52.9
26.69,421.62,20,42,52.531109,13.43419,57.2
27.30,460.51,20,42,52.531094,13.434195,58.8
27.30,444.63,20,42,52.531124,13.43421,56.4
27.30,468.62,17,33,52.531132,13.434228,56.4
27.30,429.18,20,42,52.531132,13.434228,55.3
27.30,436.86,17,33,52.531139,13.434235,54.2
27.30,444.63,20,42,52.531136,13.434253,54.3
27.30,436.86,20,43,52.531136,13.434276,54.3
26.09,421.62,20,42,52.531136,13.434276,53.5
26.69,436.86,17,33,52.531139,13.434282,51.1
26.69,444.63,17,33,52.531147,13.434294,51.2
26.69,421.62,17,34,52.531139,13.434321,51.2
27.30,429.18,20,42,52.531139,13.434321,52.1
26.69,436.86,20,42,52.531113,13.434337,52
26.69,429.18,17,33,52.531078,13.434341,52
26.09,436.86,20,43,52.531078,13.434341,51.5
26.69,436.86,20,42,52.53101,13.434378,57.2
26.69,452.52,17,33,52.53101,13.434389,56.9
26.69,414.15,17,34,52.53101,13.434397,56.6
26.09,429.18,20,42,52.530998,13.434431,56.6
25.50,414.15,20,43,52.530998,13.434431,58.1
26.09,399.53,20,42,52.531006,13.434444,56.5
26.09,414.15,17,34,52.530994,13.434462,55.5
26.09,399.53,17,33,52.530975,13.434469,55.5
26.09,399.53,20,43,52.530975,13.434469,55.4
26.09,421.62,20,41,52.530933,13.434493,56.3
25.50,399.53,17,33,52.53093,13.434514,56.3
25.50,414.15,20,43,52.53093,13.434514,55.6
25.50,406.79,20,42,52.530933,13.434551,54.8
25.50,399.53,20,42,52.530937,13.434573,54.5
25.50,399.53,17,34,52.530907,13.434588,54.5
25.50,399.53,20,43,52.530907,13.434588,58
25.50,392.37,17,33,52.530861,13.434635,64.1
25.50,421.62,20,43,52.530891,13.434667,65
25.50,406.79,20,43,52.530888,13.434678,65
25.50,392.37,20,43,52.530888,13.434678,64.3
25.50,429.18,17,28,52.530903,13.43469,64
25.50,399.53,17,33,52.530922,13.434712,61.7
25.50,406.79,20,42,52.530914,13.434731,61.7
25.50,392.37,20,43,52.530914,13.434731,61.9
25.50,399.53,17,33,52.530899,13.434751,61.5
26.69,414.15,20,43,52.53091,13.434762,59.6
26.09,399.53,20,43,52.53088,13.434785,59.6
26.09,414.15,20,43,52.53088,13.434785,63
26.69,421.62,17,33,52.530872,13.434806,61.7
26.69,436.86,20,42,52.530872,13.434824,59.2
27.30,414.15,17,34,52.530811,13.434866,59.2
26.69,406.79,20,43,52.530811,13.434866,62.8
26.69,444.63,17,33,52.530769,13.434908,66
26.09,421.62,20,42,52.530754,13.434969,58.6
26.09,429.18,20,43,52.530739,13.435017,58.6
26.69,429.18,17,34,52.530739,13.435017,52.2
26.09,429.18,17,33,52.530716,13.435051,48
26.09,429.18,20,43,52.530716,13.435078,46.4
26.09,421.62,17,34,52.530712,13.435102,46.4
26.69,399.53,20,43,52.530712,13.435102,44.4
26.69,429.18,20,42,52.530689,13.435138,46.1
27.30,452.52,20,43,52.530678,13.435163,45.5
26.69,436.86,17,34,52.530666,13.435184,45.5
27.30,406.79,20,43,52.530666,13.435184,45
27.92,436.86,20,42,52.530651,13.435209,45.6
27.30,452.52,20,43,52.53064,13.435235,47
27.30,436.86,20,43,52.530632,13.435258,47
27.30,406.79,20,43,52.530632,13.435258,48.7
26.69,436.86,20,42,52.530628,13.435279,49.8
27.30,421.62,20,43,52.530624,13.435294,49.5
27.30,436.86,17,34,52.530621,13.435308,49.5
27.30,436.86,20,43,52.530621,13.435308,49.6
27.30,452.52,20,42,52.530621,13.435322,50
27.30,421.62,20,43,52.530628,13.435316,49.2
27.30,460.51,17,35,52.530624,13.435338,49.2
26.09,421.62,19,43,52.530609,13.435358,49.6
26.69,429.18,20,43,52.530609,13.435365,50.2
26.69,429.18,17,34,52.530594,13.435383,50.2
25.50,429.18,19,43,52.530594,13.435383,49.3
26.69,436.86,20,42,52.530582,13.435399,48.6
26.09,436.86,19,43,52.530571,13.435417,48.3
26.09,429.18,17,34,52.53056,13.435425,48.3
26.09,436.86,19,43,52.53056,13.435425,48
26.69,429.18,20,42,52.530582,13.435444,46.7
26.69,436.86,16,35,52.530594,13.435452,46.8
26.69,452.52,19,43,52.530598,13.435463,46.8
26.69,414.15,19,43,52.530598,13.435463,46.5
27.30,460.51,19,42,52.530582,13.435472,46.5
27.92,421.62,19,43,52.530602,13.435494,45.7
27.30,452.52,19,43,52.530598,13.435511,45.7
27.92,444.63,19,43,52.530598,13.435511,46
27.92,436.86,19,43,52.530582,13.435543,46
27.92,429.18,19,43,52.530582,13.435543,44.8
27.92,452.52,19,43,52.530579,13.435576,45
27.92,436.86,19,43,52.530567,13.435608,45
27.30,436.86,19,43,52.530567,13.435608,44.6
27.30,444.63,19,43,52.530548,13.435634,44.5
26.69,444.63,16,36,52.530525,13.435656,42.6
27.30,452.52,19,43,52.530521,13.435672,42.6
27.30,421.62,19,43,52.530521,13.435672,41.8
27.30,452.52,19,42,52.530533,13.435686,39.8
26.69,444.63,19,43,52.530521,13.435704,39.8
26.69,421.62,19,43,52.530521,13.435704,39.8
27.30,460.51,19,42,52.530479,13.435739,44.1
27.30,421.62,19,43,52.530434,13.435759,46.9
26.69,444.63,19,43,52.530426,13.435766,46.9
26.69,429.18,16,37,52.530426,13.435766,46.7
26.69,414.15,16,35,52.530418,13.435779,47.2
26.69,444.63,19,43,52.530403,13.435796,47.5
26.69,421.62,19,43,52.530361,13.435835,47.5
27.30,436.86,19,43,52.530361,13.435835,51.1
26.09,436.86,19,43,52.530369,13.435856,50.9
26.69,429.18,16,37,52.530354,13.435866,51.3
26.09,421.62,19,43,52.530338,13.43588,51.3
26.09,421.62,16,37,52.530338,13.43588,51.9
26.09,429.18,19,43,52.530331,13.43592,51.9
26.69,429.18,19,43,52.530331,13.43592,53.6
26.09,414.15,19,43,52.530323,13.43594,53.1
26.69,429.18,19,43,52.530319,13.435956,53.1
26.09,429.18,19,43,52.530319,13.435956,51
26.69,414.15,17,34,52.530338,13.43598,45.6
26.09,421.62,19,43,52.530323,13.435994,46.7
26.09,436.86,19,43,52.530319,13.43602,46.7
26.09,429.18,19,44,52.530319,13.43602,47.2
26.09,429.18,19,43,52.530312,13.436038,46.4
25.50,429.18,19,44,52.530331,13.436057,46.4
26.09,429.18,16,36,52.530331,13.436057,45.3
26.69,421.62,19,43,52.530308,13.436085,44.5
26.69,429.18,19,43,52.530296,13.436104,44.3
26.69,421.62,19,43,52.530289,13.436112,44.3
26.09,429.18,19,43,52.530289,13.436112,42.4
26.09,429.18,19,43,52.530289,13.436134,42.8
26.09,429.18,16,37,52.530319,13.436151,41.8
26.09,429.18,19,44,52.5303,13.436177,41.8
26.09,429.18,16,37,52.5303,13.436177,42.9
26.69,429.18,19,43,52.530273,13.436194,43.4
26.69,444.63,19,44,52.530243,13.436215,45.8
26.69,444.63,19,44,52.530212,13.436232,45.8
26.69,414.15,19,43,52.530212,13.436232,45.7
26.69,452.52,19,42,52.530212,13.436251,46.2
26.69,429.18,16,37,52.530193,13.436275,44.4
26.69,460.51,16,37,52.530205,13.436292,44.4
26.69,444.63,19,44,52.530205,13.436292,43
26.69,436.86,16,36,52.530193,13.436304,43.5
26.69,452.52,19,44,52.53017,13.43632,44.1
27.30,436.86,19,42,52.53017,13.436346,44.1
27.30,452.52,16,37,52.53017,13.436346,45.2
27.30,460.51,16,35,52.530163,13.436363,45.7
26.69,452.52,16,37,52.53019,13.436397,46.8
26.69,444.63,19,43,52.530197,13.436423,46.8
27.30,436.86,20,44,52.530197,13.436423,48.5
27.30,476.83,19,43,52.530201,13.436461,49.2
27.30,444.63,20,44,52.530159,13.436491,48.4
27.30,476.83,19,44,52.530151,13.436522,48.4
27.92,452.52,19,43,52.530151,13.436522,47.7
27.30,444.63,19,43,52.530151,13.436563,48.3
27.92,444.63,19,43,52.530128,13.436584,48.1
27.92,485.15,19,44,52.530098,13.436611,48.1
27.92,452.52,19,43,52.530098,13.436611,49.7
28.55,460.51,16,36,52.530071,13.436645,50.4
28.55,468.62,19,44,52.530056,13.43667,51.6
28.55,460.51,19,44,52.530045,13.436693,51.6
28.55,468.62,19,44,52.530045,13.436693,52
27.92,468.62,16,35,52.530033,13.43671,52.6
27.92,476.83,16,37,52.530022,13.436727,52.8
27.92,468.62,19,43,52.530014,13.436746,52.8
27.92,452.52,18,45,52.530014,13.436746,52.2
27.92,452.52,16,35,52.529991,13.436768,53.1
27.92,444.63,19,43,52.529976,13.436787,53.4
27.92,476.83,19,44,52.529945,13.436816,53.4
28.55,452.52,19,44,52.529945,13.436816,55.4
27.30,452.52,19,43,52.529957,13.436837,53.8
27.92,452.52,19,44,52.529957,13.436855,53.8
27.92,444.63,19,44,52.529957,13.436855,54.1
27.30,452.52,19,43,52.529942,13.436872,53.4
27.92,476.83,19,44,52.529976,13.436894,50.8
28.55,460.51,19,44,52.52998,13.436918,50.8
27.92,468.62,19,44,52.52998,13.436918,49.8
27.92,452.52,16,35,52.529976,13.436928,47.9
27.92,436.86,19,44,52.529968,13.436956,46.5
27.92,476.83,19,44,52.529919,13.436975,46.5
27.30,452.52,19,44,52.529919,13.436975,47.5
27.30,452.52,16,36,52.529922,13.436982,45.6
26.69,452.52,19,44,52.529903,13.436998,45.5
27.30,436.86,19,44,52.529896,13.437023,45.5
27.30,436.86,19,44,52.529896,13.437023,45.1
27.30,452.52,16,37,52.529877,13.437054,46.1
27.30,436.86,19,44,52.529873,13.437079,42.8
26.69,452.52,19,44,52.529861,13.437099,42.3
26.09,436.86,19,44,52.529835,13.437122,42.3
26.69,429.18,16,38,52.529835,13.437122,41.2
26.69,429.18,19,43,52.529778,13.437174,41.4
26.09,444.63,19,44,52.529755,13.437214,41.4
26.09,436.86,19,44,52.529755,13.437214,42.1
26.69,436.86,19,44,52.52972,13.437243,43
26.69,444.63,16,37,52.529701,13.437284,43.9
26.69,444.63,19,44,52.529694,13.437319,43.9
26.69,429.18,19,44,52.529694,13.437319,44.1
26.69,452.52,16,37,52.52969,13.437343,44.1
26.69,452.52,19,44,52.52969,13.437369,44.2
27.30,468.62,19,44,52.529694,13.437392,44.2
27.30,452.52,19,44,52.529694,13.437392,44.2
27.30,460.51,19,43,52.529694,13.437415,44.9
27.92,452.52,19,44,52.529701,13.437433,44.9
28.55,485.15,19,44,52.52972,13.437453,44.9
28.55,468.62,18,45,52.52972,13.437453,44.7
28.55,476.83,19,43,52.529736,13.437475,45.4
28.55,485.15,18,45,52.529732,13.43749,45.3
28.55,485.15,19,44,52.529739,13.43751,45.3
29.19,468.62,19,44,52.529739,13.43751,45.6
29.19,485.15,19,43,52.529743,13.437523,45
28.55,485.15,18,45,52.529747,13.437545,45.5
29.19,485.15,19,44,52.529762,13.437562,45.5
29.19,493.59,18,44,52.529758,13.437569,44.4
27.92,493.59,18,45,52.529804,13.437602,45.3
29.19,485.15,18,45,52.529831,13.437627,45.3
28.55,468.62,18,45,52.529831,13.437627,46.2
29.85,485.15,18,45,52.529846,13.437645,46.5
29.19,460.51,19,44,52.529865,13.437673,46.8
29.85,476.83,18,45,52.529865,13.437686,46.8
29.19,468.62,18,45,52.529865,13.437686,47.5
28.55,476.83,19,42,52.529865,13.437696,47.5
29.19,468.62,14,35,52.529881,13.437704,47.4
29.19,502.14,18,45,52.529884,13.437715,47.4
29.85,493.59,18,45,52.529884,13.437715,47.5
29.85,485.15,15,37,52.529892,13.437715,47.6
29.85,493.59,19,45,52.5299,13.437728,45.6
29.85,485.15,19,44,52.529915,13.437742,45.6
29.85,519.59,19,45,52.529915,13.437742,45.5
30.51,493.59,15,37,52.529903,13.437778,46.7
29.85,510.81,18,45,52.529911,13.437799,46.9
29.85,510.81,19,44,52.52993,13.437816,46.9
30.51,485.15,18,45,52.52993,13.437816,45.6
30.51,510.81,15,36,52.529945,13.437851,47.9
30.51,485.15,18,45,52.529945,13.437875,48.3
29.85,510.81,18,46,52.529949,13.437902,48.3
29.85,493.59,19,44,52.529957,13.437924,48.3
29.85,502.14,18,44,52.529957,13.437924,48.8
29.85,510.81,19,44,52.529961,13.437939,48.5
29.85,493.59,18,45,52.529968,13.437955,48.5
29.85,493.59,18,45,52.529968,13.437955,48.7
29.85,493.59,19,45,52.529991,13.437979,48.8
29.85,493.59,18,45,52.530003,13.437992,49.4
29.85,510.81,18,45,52.529995,13.438006,49.4
29.85,476.83,18,46,52.529995,13.438006,50.3
29.85,510.81,18,45,52.53001,13.43802,50
29.85,502.14,18,45,52.530014,13.438046,50.5
29.85,502.14,18,46,52.530022,13.438057,50.5
29.19,485.15,15,38,52.530022,13.438057,50.5
29.85,493.59,18,45,52.530037,13.438083,51.2
29.19,493.59,18,45,52.530037,13.438097,51.1
29.19,502.14,15,39,52.530037,13.438108,51.1
29.19,502.14,18,45,52.530037,13.438108,52
29.19,493.59,18,45,52.530045,13.438137,54.2
29.19,493.59,18,45,52.530067,13.438172,54.3
29.19,485.15,18,45,52.530075,13.438191,54.3
29.19,468.62,18,46,52.530075,13.438191,54.5
28.55,485.15,18,44,52.530087,13.438213,54.9
28.55,476.83,18,45,52.530083,13.438229,54.9
28.55,476.83,18,46,52.530083,13.438229,54.8
28.55,468.62,18,45,52.530094,13.438239,54.2
28.55,476.83,15,39,52.530102,13.438252,54.4
28.55,476.83,18,45,52.530117,13.438273,54.3
27.92,468.62,15,40,52.530136,13.438289,54.3
27.30,476.83,18,47,52.530136,13.438289,53.6
28.55,476.83,15,38,52.530155,13.438308,52.7
27.92,485.15,18,46,52.530163,13.438326,52.7
28.55,476.83,18,46,52.530174,13.438334,52.7
28.55,493.59,19,45,52.530174,13.438334,51.1
28.55,485.15,15,37,52.530193,13.438349,50.5
28.55,493.59,18,45,52.530216,13.438365,49.7
28.55,485.15,18,46,52.530235,13.438383,49.7
28.55,452.52,18,46,52.530235,13.438383,49.1
28.55,476.83,18,45,52.530247,13.438396,48
27.92,493.59,15,41,52.530258,13.438415,48.2
28.55,485.15,18,46,52.530266,13.438434,48.2
28.55,476.83,18,46,52.530266,13.438434,48.4
28.55,476.83,15,37,52.530273,13.438442,48.2
28.55,493.59,15,40,52.530281,13.438453,47.7
28.55,502.14,18,46,52.530296,13.43849,47.7
28.55,485.15,18,46,52.530296,13.43849,49.8
28.55,493.59,18,44,52.530315,13.43851,51.1
28.55,468.62,18,46,52.530334,13.438523,51.1
27.92,476.83,18,46,52.530334,13.438523,51.3
28.55,485.15,15,38,52.53035,13.438549,52.3
27.92,485.15,18,46,52.530357,13.438563,52
28.55,476.83,18,47,52.530365,13.438589,52
28.55,485.15,15,40,52.530365,13.438589,52.2
29.19,485.15,15,39,52.530376,13.438607,52
29.19,485.15,18,46,52.530396,13.438631,51.3
28.55,485.15,18,46,52.530407,13.438649,51.3
28.55,468.62,18,46,52.530407,13.438649,51.8
27.92,485.15,15,39,52.530415,13.438671,53.2
28.55,493.59,18,46,52.53043,13.438687,53.7
28.55,493.59,18,46,52.530437,13.4387,53.7
28.55,485.15,15,40,52.530437,13.4387,55.2
28.55,485.15,18,45,52.530449,13.438715,55.8
27.92,476.83,18,46,52.530464,13.438725,55.3
27.30,476.83,18,46,52.530476,13.438741,55.3
27.30,468.62,15,40,52.530476,13.438741,56.8
26.69,468.62,18,45,52.530495,13.438774,56.8
27.92,468.62,18,46,52.530495,13.438774,60.3
27.92,485.15,18,46,52.530502,13.438789,60.2
28.55,476.83,15,40,52.530525,13.438812,60.2
28.55,493.59,18,45,52.530544,13.438825,59.4
28.55,493.59,18,46,52.53056,13.438844,60
28.55,493.59,18,46,52.530571,13.43885,60
29.19,468.62,18,46,52.530571,13.43885,59.6
28.55,493.59,15,39,52.530582,13.438869,59.8
29.19,493.59,18,46,52.530582,13.438887,59.3
28.55,502.14,18,46,52.530594,13.438916,59.3
29.19,485.15,18,46,52.530594,13.438916,60.1
29.19,502.14,18,45,52.530598,13.438926,59.5
29.19,502.14,18,46,52.530609,13.438947,59.9
29.19,502.14,18,46,52.530636,13.438987,59.9
29.19,493.59,15,41,52.530636,13.438987,60.1
28.55,510.81,18,46,52.530651,13.439007,59.9
29.19,502.14,18,46,52.530659,13.439022,60.3
28.55,510.81,18,46,52.530666,13.439042,60.3
28.55,485.15,18,47,52.530666,13.439042,60.7
29.19,502.14,15,39,52.530674,13.439062,60.9
29.19,493.59,18,47,52.530685,13.439084,61.1
29.19,502.14,18,46,52.530685,13.439097,61.1
29.19,485.15,15,42,52.530685,13.439097,60.9
28.55,493.59,18,46,52.530701,13.439116,60.6
29.19,502.14,18,46,52.530708,13.439136,60.5
29.19,493.59,15,42,52.530701,13.439137,60.5
28.55,502.14,18,46,52.530708,13.439158,58.8
29.19,510.81,15,42,52.530724,13.439179,58.3
28.55,493.59,18,46,52.530743,13.439203,58.3
28.55,468.62,15,42,52.530743,13.439203,58.1
27.92,502.14,18,46,52.530754,13.43922,57.3
28.55,476.83,18,46,52.530762,13.439238,57.1
27.92,485.15,18,46,52.530777,13.439247,57.1
28.55,476.83,19,45,52.530777,13.439247,55.8
28.55,485.15,18,46,52.530792,13.439263,55.4
27.92,485.15,18,46,52.530807,13.43928,54.9
27.92,476.83,18,46,52.530823,13.439295,54.9
28.55,485.15,18,46,52.530823,13.439295,54.7
28.55,493.59,18,45,52.53083,13.439306,54.5
27.92,510.81,18,46,52.530823,13.439315,54.9
27.92,493.59,18,46,52.530823,13.43932,54.9
28.55,476.83,18,46,52.530823,13.43932,54.9
27.92,485.15,15,40,52.530838,13.43934,54.4
27.30,476.83,18,46,52.530827,13.439337,54.1
27.30,485.15,18,47,52.53083,13.439348,54.1
27.30,476.83,18,46,52.53083,13.439348,55
27.30,468.62,15,39,52.530834,13.439367,56
27.30,485.15,18,46,52.530869,13.439396,55.8
26.69,485.15,15,42,52.530834,13.439394,59.8
27.30,485.15,18,46,52.530846,13.439406,59.8
26.69,476.83,18,46,52.530846,13.439406,58.6
27.30,460.51,15,40,52.530869,13.439426,58.3
27.30,476.83,15,42,52.530895,13.439447,58.3
26.69,444.63,18,46,52.530895,13.439447,57.3
26.69,468.62,15,38,52.53096,13.439495,57.4
26.69,468.62,18,46,52.530994,13.439527,57.6
27.30,476.83,18,46,52.531021,13.439553,57.6
26.09,444.63,18,47,52.531021,13.439553,57.6
27.30,476.83,18,46,52.531036,13.439575,57.1
27.30,476.83,15,42,52.53104,13.439598,57.1
27.30,476.83,18,47,52.531052,13.439617,57.1
27.30,468.62,18,46,52.531052,13.439617,56.8
27.30,476.83,18,46,52.531067,13.439638,56.4
27.30,485.15,18,46,52.531082,13.439661,56.2
27.30,485.15,18,46,52.531094,13.439683,56.2
27.30,476.83,18,46,52.531094,13.439683,56.2
27.92,493.59,18,46,52.531116,13.439698,55.5
27.30,476.83,18,47,52.531128,13.439705,55
27.30,493.59,15,43,52.531147,13.439716,55
27.92,485.15,18,46,52.531147,13.439716,54.8
27.30,476.83,18,46,52.531155,13.439729,53.7
27.92,485.15,18,46,52.531174,13.439732,51.8
27.92,493.59,18,47,52.531178,13.439743,51.8
27.30,493.59,18,47,52.531178,13.439743,51.5
28.55,493.59,18,46,52.531185,13.439754,50.9
27.92,510.81,18,47,52.531208,13.439774,50.8
27.92,485.15,18,47,52.531212,13.439786,50.8
27.30,476.83,15,42,52.531212,13.439786,51
27.30,502.14,18,46,52.531227,13.439809,49.6
27.30,460.51,18,46,52.531261,13.43984,48.7
27.30,510.81,18,46,52.531265,13.439857,48.7
27.30,476.83,15,42,52.531265,13.439857,49
27.30,485.15,18,46,52.531281,13.439874,48.7
27.30,493.59,18,47,52.531296,13.439892,49.1
27.30,460.51,15,44,52.531311,13.439911,49.1
27.30,476.83,18,47,52.531311,13.439911,49
27.30,485.15,18,46,52.531326,13.439927,50.2
27.30,485.15,18,47,52.531342,13.439952,50.2
27.30,485.15,18,47,52.531345,13.439958,50.2
26.69,452.52,15,44,52.531345,13.439958,50.2
26.09,476.83,18,46,52.531345,13.43998,49.9
26.09,460.51,18,47,52.531349,13.439986,49.4
25.50,468.62,18,47,52.531353,13.440004,49.4
26.09,460.51,14,44,52.531353,13.440004,48.5
26.09,460.51,18,46,52.531368,13.440017,48.3
26.09,460.51,15,42,52.531387,13.440031,48.3
26.09,468.62,18,47,52.531387,13.440031,49.9
26.09,460.51,18,46,52.531399,13.440051,50.4
25.50,452.52,18,46,52.531399,13.440063,51.3
26.09,460.51,15,43,52.531418,13.440076,51.3
26.69,444.63,15,44,52.531418,13.440076,52.8
25.50,468.62,18,46,52.531433,13.440092,53.6
26.69,452.52,15,44,52.53146,13.440135,56.8
26.09,468.62,18,47,52.531467,13.440158,56.8
25.50,460.51,18,47,52.531467,13.440158,56.6
26.09,460.51,15,41,52.531483,13.440187,57
26.09,468.62,18,47,52.531506,13.440212,57.2
25.50,460.51,18,47,52.531536,13.440233,57.2
25.50,452.52,18,47,52.531536,13.440233,56.8
25.50,452.52,18,46,52.531548,13.440252,57.9
25.50,460.51,15,43,52.531563,13.440271,57.4
24.92,452.52,18,47,52.53159,13.440294,57.4
25.50,429.18,18,47,52.53159,13.440294,57.2
25.50,460.51,18,46,52.531616,13.440315,57.4
25.50,436.86,15,44,52.53162,13.440324,56.8
25.50,460.51,18,46,52.531631,13.44034,56.8
24.92,444.63,17,47,52.531631,13.44034,58.1
25.50,444.63,18,46,52.531643,13.440355,58.3
25.50,452.52,18,47,52.531647,13.44037,58
25.50,452.52,18,47,52.531647,13.440384,58
25.50,460.51,15,44,52.531647,13.440384,57.4
25.50,460.51,15,40,52.531651,13.4404,57.1
26.09,468.62,18,47,52.531662,13.44041,56.7
26.09,468.62,18,47,52.531677,13.440422,56.7
26.09,468.62,18,47,52.531677,13.440422,56
26.69,476.83,18,46,52.531685,13.440453,56.7
26.69,460.51,18,47,52.531689,13.440471,55.9
26.69,485.15,18,47,52.531689,13.440487,55.9
27.30,468.62,15,44,52.531689,13.440487,55.6
27.30,468.62,18,47,52.531693,13.440519,56.2
27.30,493.59,15,43,52.531708,13.44054,56.1
27.30,468.62,18,47,52.531712,13.440557,56.1
26.69,476.83,18,47,52.531712,13.440557,55.5
27.30,502.14,18,47,52.531719,13.440572,54.9
26.69,485.15,18,47,52.531719,13.440582,54.4
27.30,485.15,18,47,52.531727,13.440595,54.4
27.30,468.62,18,47,52.531727,13.440595,53.5
26.69,485.15,18,46,52.531731,13.440606,53
27.30,485.15,18,47,52.531746,13.440623,53
27.30,485.15,18,47,52.531746,13.440623,52.5
27.30,485.15,18,46,52.53175,13.440637,52.1
27.30,485.15,18,47,52.531757,13.440656,53
27.30,485.15,18,47,52.53178,13.440686,53
27.30,485.15,18,47,52.53178,13.440686,54.3
26.69,476.83,18,47,52.531784,13.440698,54.4
27.30,493.59,18,47,52.531792,13.440716,55
27.92,485.15,15,44,52.531792,13.440722,55
27.30,476.83,18,47,52.531792,13.440722,54.5
27.30,493.59,18,47,52.531796,13.440737,55
27.30,468.62,18,47,52.531799,13.440751,55
26.69,476.83,18,47,52.531796,13.440765,54.4
27.30,468.62,18,48,52.531799,13.440786,54.4
27.30,476.83,18,47,52.531799,13.440786,54.9
27.30,485.15,18,47,52.531811,13.440796,54.4
26.69,468.62,18,47,52.531826,13.440818,54.4
27.30,468.62,18,47,52.531826,13.440818,54.4
26.69,485.15,15,42,52.531837,13.440845,54.4
27.30,468.62,18,47,52.531837,13.440845,55
27.30,485.15,14,45,52.531841,13.440864,55.2
27.30,485.15,18,47,52.531849,13.440875,55.2
27.30,452.52,18,47,52.531849,13.440875,55.6
27.30,485.15,18,46,52.531857,13.44088,55.7
27.30,493.59,18,47,52.53186,13.440883,55.7
27.30,468.62,18,47,52.53186,13.440883,56
28.55,502.14,18,47,52.531868,13.440892,56.4
27.92,476.83,18,47,52.531876,13.440885,56.5
27.92,493.59,18,47,52.531887,13.440872,56.5
27.92,485.15,18,47,52.531887,13.440872,56
27.92,493.59,18,47,52.531895,13.440873,55.7
28.55,502.14,18,47,52.531929,13.440895,56
27.92,493.59,18,47,52.531952,13.440904,56
28.55,493.59,18,47,52.531952,13.440897,56
28.55,493.59,18,47,52.531952,13.440897,55.7
27.92,485.15,18,47,52.531956,13.440897,55.1
29.19,476.83,18,47,52.53196,13.440897,55.1
28.55,493.59,15,44,52.53196,13.440897,53.4
27.92,493.59,18,47,52.531952,13.440896,52.2
27.92,502.14,17,48,52.53196,13.440884,52
27.92,502.14,18,47,52.531952,13.440866,52
27.30,476.83,18,47,52.531952,13.440866,51.5
28.55,493.59,17,46,52.531956,13.440846,52.5
27.92,502.14,18,47,52.531956,13.440821,53.1
27.30,485.15,18,48,52.531967,13.440799,53.1
27.30,502.14,18,47,52.531967,13.440779,53.1
27.30,485.15,15,44,52.531967,13.440779,52
27.30,476.83,18,46,52.531967,13.440763,52.4
26.69,493.59,18,47,52.531971,13.440744,52.4
27.30,476.83,15,44,52.531971,13.440744,52.1
26.69,476.83,15,45,52.531986,13.440705,51.1
26.69,485.15,18,47,52.531982,13.44069,51.9
26.69,468.62,18,47,52.531982,13.440676,51.9
26.69,485.15,18,47,52.531982,13.440676,51.8
26.09,476.83,18,47,52.531994,13.440655,52.8
26.69,485.15,18,47,52.532013,13.440641,52.5
26.69,476.83,18,47,52.532013,13.440607,52.5
26.09,460.51,18,47,52.532013,13.440607,50.1
26.69,485.15,18,47,52.532032,13.440578,50.2
27.30,460.51,15,45,52.532059,13.440563,49.3
26.69,476.83,18,47,52.532074,13.44054,49.3
26.69,468.62,15,45,52.532074,13.44054,47.2
27.30,476.83,18,47,52.532219,13.440514,37.3
26.69,493.59,18,47,52.532249,13.440506,35.7
27.30,485.15,15,45,52.532284,13.440493,35.7
27.30,476.83,18,47,52.532284,13.440493,35.9
27.30,485.15,18,47,52.532291,13.440483,34.6
27.30,476.83,15,44,52.532299,13.440459,34.4
26.69,502.14,18,47,52.532303,13.440429,34.4
26.69,476.83,18,47,52.532303,13.440429,34.5
27.30,468.62,15,44,52.532314,13.440408,35
26.69,485.15,18,47,52.532326,13.44039,35.3
26.69,468.62,18,47,52.532333,13.44037,35.3
27.30,493.59,18,47,52.532333,13.44037,35.2
27.30,493.59,15,44,52.532345,13.440344,35.9
26.69,485.15,18,47,52.532349,13.440321,35.6
26.69,476.83,15,45,52.53236,13.440294,35.6
26.69,476.83,18,47,52.53236,13.440294,35.9
26.69,476.83,18,47,52.532364,13.440269,35.4
26.69,485.15,18,47,52.532368,13.440255,35.4
27.30,493.59,18,48,52.532368,13.440255,33.6
26.69,493.59,18,47,52.532375,13.440241,32.9
26.69,485.15,18,47,52.532375,13.440227,31.2
26.69,468.62,15,44,52.532368,13.440207,29.3
26.69,493.59,18,48,52.532375,13.440201,29.3
26.69,468.62,18,48,52.532375,13.440201,28.3
26.69,468.62,18,47,52.532387,13.440179,28.5
27.30,476.83,18,48,52.532398,13.440171,27.6
26.09,485.15,18,48,52.532425,13.440163,27.6
26.69,485.15,15,46,52.532425,13.440163,28.9
26.69,485.15,18,47,52.532429,13.440149,27.7
26.69,485.15,15,45,52.532444,13.440142,27.7
26.69,460.51,15,46,52.532444,13.440142,26.9
26.69,502.14,15,45,52.532444,13.440122,25.4
27.30,476.83,18,48,52.532459,13.440107,25.3
26.69,485.15,15,45,52.532471,13.440089,25.3
26.69,476.83,18,48,52.532471,13.440089,25.1
26.69,468.62,19,46,52.532475,13.440063,24.5
26.69,476.83,18,48,52.532478,13.440039,24
25.50,476.83,18,48,52.532482,13.440014,24
26.69,468.62,18,47,52.532482,13.440014,23.6
26.69,485.15,18,47,52.53249,13.439979,24.3
26.69,468.62,18,48,52.53249,13.43995,24.1
26.69,468.62,18,47,52.532513,13.439935,24.1
26.69,452.52,18,47,52.532513,13.439935,25
27.30,485.15,18,47,52.53252,13.439915,25.6
27.30,493.59,18,47,52.532532,13.439894,25.9
27.30,485.15,18,48,52.532543,13.439878,25.9
27.30,485.15,18,48,52.532543,13.439878,25.7
27.30,468.62,18,47,52.532558,13.439866,25.8
27.30,476.83,18,48,52.53257,13.439855,25.6
26.69,485.15,15,46,52.532597,13.439842,25.6
26.69,468.62,18,47,52.532597,13.439842,27.1
26.69,476.83,18,47,52.532608,13.439832,26.9
26.69,493.59,18,48,52.532608,13.439802,27.1
26.69,485.15,15,46,52.532627,13.439807,27.1
26.69,485.15,15,46,52.532627,13.439807,27.8
27.30,485.15,18,47,52.532635,13.439801,28.1
27.30,485.15,18,48,52.532654,13.439795,28.1
26.09,476.83,15,46,52.532654,13.439795,27.3
27.92,485.15,14,40,52.532665,13.439783,26.8
27.92,476.83,18,48,52.532669,13.439758,26.7
27.92,493.59,13,41,52.532681,13.439745,26.7
27.92,485.15,15,45,52.532681,13.439745,26.5
27.92,485.15,18,48,52.5327,13.439735,26.4
28.55,502.14,18,48,52.532707,13.439718,26.1
28.55,493.59,19,47,52.532696,13.439674,26.1
28.55,468.62,18,48,52.532696,13.439674,25.4
28.55,502.14,18,47,52.532711,13.439652,26.1
28.55,493.59,15,46,52.532715,13.439632,25.7
28.55,510.81,18,48,52.532722,13.439616,25.7
28.55,493.59,19,47,52.532722,13.439616,25.4
28.55,493.59,18,47,52.53273,13.4396,24.6
29.19,510.81,16,46,52.53273,13.439574,23.9
29.19,510.81,18,48,52.532734,13.439549,23.9
29.19,502.14,18,48,52.532734,13.439549,23
29.85,519.59,18,47,52.532742,13.439527,23.1
29.85,528.50,19,47,52.532753,13.439498,23.3
29.19,528.50,16,46,52.532764,13.439471,23.3
29.85,510.81,19,47,52.532764,13.439471,23.3
29.19,519.59,18,47,52.532768,13.439438,23.3
29.19,510.81,19,47,52.532776,13.439408,22.9
29.19,510.81,19,47,52.532784,13.439392,22.9
29.19,493.59,19,47,52.532784,13.439392,22.4
29.19,519.59,15,45,52.532795,13.439372,22.6
29.19,502.14,18,48,52.532795,13.439355,21.8
29.19,502.14,18,48,52.532795,13.439333,21.8
29.19,510.81,19,47,52.532795,13.439333,20.9
29.19,502.14,15,45,52.532799,13.439311,20.1
28.55,502.14,15,46,52.532795,13.439282,18.6
28.55,510.81,16,45,52.532799,13.439257,18.6
28.55,493.59,18,48,52.532799,13.439257,17.8
29.19,510.81,15,44,52.532818,13.439238,18.8
29.19,485.15,18,48,52.532833,13.439214,18.9
28.55,502.14,18,48,52.532845,13.439187,18.9
28.55,502.14,18,48,52.532845,13.439187,19.3
28.55,502.14,19,46,52.532848,13.439163,18.7
28.55,510.81,19,47,52.53286,13.439132,19
29.19,510.81,15,46,52.532871,13.439101,19
28.55,476.83,19,47,52.532871,13.439101,19.7
29.19,493.59,18,48,52.532875,13.439063,20.5
28.55,485.15,15,46,52.53289,13.43904,21.5
27.92,493.59,18,48,52.532879,13.439002,21.5
27.92,493.59,18,48,52.532879,13.439002,19.9
27.92,485.15,19,46,52.53289,13.438987,20.2
27.92,485.15,19,47,52.532902,13.438974,20.6
27.92,485.15,19,47,52.532917,13.438954,20.6
27.92,476.83,18,48,52.532917,13.438954,21.2
28.55,493.59,16,45,52.532921,13.438927,20.1
27.92,493.59,19,47,52.532928,13.438903,19.9
29.19,519.59,15,46,52.532944,13.43888,19.9
28.55,493.59,19,47,52.532944,13.43888,20.4
28.55,502.14,18,48,52.532963,13.438859,20.6
28.55,519.59,19,47,52.532963,13.438833,19
29.19,502.14,19,47,52.532978,13.438815,19
29.19,493.59,18,48,52.532978,13.438815,19.4
28.55,510.81,19,46,52.532997,13.438785,21.1
29.19,485.15,19,47,52.533012,13.438768,21.3
29.19,537.52,18,48,52.533028,13.438751,21.3
29.19,502.14,18,48,52.533028,13.438751,21.9
29.19,528.50,16,45,52.533039,13.43874,21.8
29.19,519.59,16,46,52.533062,13.438727,21.8
29.85,493.59,19,47,52.533062,13.438727,23.6
29.19,519.59,19,46,52.533081,13.438712,24.8
29.85,537.52,19,47,52.533092,13.438696,24.8
29.19,528.50,19,47,52.533096,13.43867,24.8
29.19,510.81,16,46,52.533096,13.43867,24.5
29.19,519.59,18,47,52.533108,13.438652,24.5
29.19,510.81,18,48,52.533108,13.438652,24.1
28.55,519.59,18,48,52.533123,13.438637,24.3
28.55,510.81,16,46,52.533138,13.438622,24.3
28.55,493.59,18,48,52.533138,13.438622,24.3
28.55,510.81,18,47,52.533154,13.43861,24.4
28.55,502.14,19,47,52.533161,13.438596,24.5
28.55,528.50,18,48,52.533165,13.438566,24.5
28.55,519.59,19,47,52.533165,13.438566,24.6
28.55,493.59,19,46,52.53318,13.438552,25
28.55,510.81,18,48,52.533188,13.438528,25.1
28.55,510.81,19,47,52.533199,13.438508,25.1
28.55,502.14,18,48,52.533199,13.438508,25.3
29.19,519.59,19,47,52.533218,13.438492,25.7
27.92,493.59,19,47,52.533237,13.438475,26.8
28.55,502.14,18,47,52.533257,13.438446,26.8
28.55,502.14,19,47,52.533257,13.438446,27.8
29.19,502.14,19,46,52.533264,13.438427,27.6
28.55,510.81,19,47,52.533279,13.438416,27.6
28.55,502.14,19,47,52.533279,13.438416,27.5
27.92,510.81,15,46,52.533291,13.438397,27.9
29.19,510.81,15,47,52.533298,13.438385,27.9
28.55,502.14,18,48,52.533318,13.438374,27.9
28.55,510.81,19,47,52.533318,13.438374,28.1
28.55,510.81,19,47,52.533325,13.438346,28.1
28.55,519.59,19,47,52.533337,13.438325,28.2
27.92,502.14,19,47,52.533352,13.438308,28.2
29.19,493.59,19,47,52.533352,13.438308,28.8
28.55,485.15,19,47,52.53336,13.438285,28
27.92,510.81,16,46,52.533371,13.438262,28.3
27.92,502.14,19,47,52.533379,13.438242,28.3
27.92,502.14,18,48,52.533379,13.438242,27.9
27.92,485.15,19,46,52.533386,13.438222,27.8
27.92,502.14,18,48,52.533398,13.4382,28
27.92,493.59,19,47,52.533409,13.438174,28
27.30,502.14,16,46,52.533409,13.438174,28.2
27.30,502.14,16,45,52.533417,13.438155,28.2
27.92,476.83,19,47,52.533417,13.438155,27.7
27.92,476.83,19,46,52.533436,13.438127,29.3
27.30,502.14,19,47,52.533447,13.438106,29.3
27.30,476.83,19,47,52.533447,13.438106,30
27.30,476.83,19,46,52.533455,13.438088,29.5
27.30,493.59,19,47,52.533463,13.438072,29.5
27.30,476.83,15,46,52.533463,13.438072,29.4
26.69,468.62,19,46,52.53347,13.438048,29.5
26.69,485.15,19,47,52.533478,13.438026,29.6
27.30,468.62,16,47,52.533485,13.438011,29.6
26.69,485.15,19,47,52.533485,13.438011,29.5
27.30,476.83,18,48,52.533493,13.437986,29.4
27.30,468.62,19,47,52.533504,13.437961,29.3
27.30,476.83,16,46,52.533516,13.437938,29.3
27.30,460.51,18,48,52.533516,13.437938,29.5
27.30,485.15,16,45,52.533527,13.43792,29.5
27.30,485.15,19,47,52.533527,13.43792,29.6
27.30,476.83,19,46,52.53355,13.437893,31.6
27.30,485.15,15,47,52.533562,13.437869,31.6
27.30,468.62,18,48,52.533562,13.437869,31.9
26.69,476.83,19,46,52.533573,13.437846,32.5
26.69,476.83,19,47,52.533585,13.437826,32.5
26.69,476.83,18,48,52.5336,13.437809,32.5
26.69,485.15,19,46,52.533607,13.437791,33.1
26.69,485.15,18,48,52.533611,13.437766,32.1
26.69,485.15,19,47,52.533619,13.437749,32.1
26.69,468.62,15,46,52.533619,13.437749,32.2
26.69,502.14,19,46,52.533627,13.437727,32
27.30,476.83,18,48,52.533638,13.437708,31.8
27.30,493.59,18,48,52.533646,13.437686,31.8
27.30,485.15,15,46,52.533646,13.437686,32
27.30,485.15,18,48,52.533661,13.437665,32.5
27.30,493.59,18,48,52.533672,13.437648,32.7
27.30,485.15,15,47,52.53368,13.437628,32.7
27.30,485.15,18,48,52.53368,13.437628,32.5
27.30,493.59,19,46,52.533688,13.437611,32.4
26.09,476.83,18,48,52.533691,13.437578,32.4
26.69,485.15,18,48,52.533707,13.437558,32.4
26.09,452.52,18,47,52.533707,13.437558,32.7
26.09,493.59,18,47,52.533726,13.437535,34.1
26.69,468.62,15,47,52.533737,13.437517,34.3
26.69,485.15,18,48,52.533741,13.437493,34.3
26.69,493.59,18,48,52.533741,13.437493,33.9
27.30,493.59,18,48,52.533752,13.437474,34
27.30,485.15,19,47,52.533768,13.437445,34.9
26.69,476.83,18,47,52.533768,13.437426,34.9
27.30,493.59,18,48,52.533768,13.437426,35
27.30,485.15,15,46,52.533772,13.437411,35.1
27.30,493.59,15,46,52.533775,13.437388,34.4
27.92,460.51,18,48,52.533783,13.437377,34.4
27.30,493.59,15,46,52.533783,13.437377,33.5
27.92,493.59,18,47,52.533791,13.437353,33.2
27.30,502.14,18,49,52.533791,13.437336,30.9
26.69,485.15,15,46,52.533791,13.43732,30.9
27.30,485.15,15,46,52.533791,13.43732,29.3
26.09,493.59,18,47,52.533794,13.437309,29.1
27.30,493.59,18,49,52.533798,13.437296,28.7
26.69,485.15,18,48,52.533798,13.437283,28.7
27.30,485.15,15,46,52.533798,13.437283,29
27.30,476.83,18,48,52.53381,13.437276,30.3
27.30,493.59,15,46,52.533817,13.437261,30.5
27.30,485.15,18,48,52.533829,13.437243,30.5
26.69,485.15,15,46,52.533829,13.437243,31.1
26.69,502.14,18,47,52.533844,13.437232,31.6
27.30,476.83,15,46,52.533848,13.437209,31
26.69,485.15,18,48,52.533863,13.437193,31
26.69,493.59,18,48,52.533863,13.437193,31.2
26.09,485.15,19,46,52.533875,13.437172,31.2
26.09,476.83,18,48,52.533886,13.437152,31.5
26.69,485.15,18,48,52.533894,13.437135,31.5
26.09,476.83,18,48,52.533894,13.437135,31.1
25.50,476.83,18,47,52.533909,13.437119,31.3
26.09,485.15,16,46,52.53392,13.437096,31.5
26.09,476.83,18,48,52.533928,13.437082,31.5
26.09,476.83,18,48,52.533928,13.437082,31.4
26.09,476.83,19,47,52.533939,13.437066,31.3
26.09,485.15,18,48,52.533951,13.437051,31.5
24.92,476.83,19,47,52.533958,13.437027,31.5
26.09,476.83,18,48,52.533958,13.437027,31.1
26.09,476.83,18,48,52.533962,13.437023,30.4
26.09,476.83,15,46,52.533974,13.436996,30.4
25.50,485.15,18,48,52.533989,13.436977,30.4
26.09,460.51,15,46,52.533989,13.436977,31.4
26.09,476.83,18,47,52.534008,13.43696,32.3
26.09,485.15,18,48,52.534008,13.436935,31
25.50,485.15,15,46,52.534019,13.436918,31
26.09,468.62,18,47,52.534019,13.436918,31.2
25.50,468.62,18,48,52.534031,13.43691,31.2
26.09,468.62,15,47,52.534046,13.436896,31.7
26.09,468.62,18,49,52.534058,13.436878,31.7
26.69,468.62,18,48,52.534058,13.436878,32.2
25.50,460.51,18,47,52.534065,13.436854,32.1
25.50,476.83,15,47,52.534069,13.436818,32.1
26.09,460.51,18,48,52.534069,13.436818,31.9
24.92,460.51,18,47,52.534081,13.436787,33.1
25.50,460.51,18,48,52.534092,13.436761,34.6
24.92,444.63,18,48,52.5341,13.436737,34.6
24.92,452.52,16,47,52.5341,13.436737,34.7
24.92,460.51,18,47,52.534111,13.436725,35
24.92,468.62,18,48,52.534115,13.436693,34.6
25.50,452.52,18,48,52.534122,13.436666,34.6
25.50,452.52,18,48,52.534122,13.436666,34.3
24.92,460.51,15,46,52.53413,13.436649,34.5
25.50,468.62,15,47,52.534145,13.436625,35
26.09,460.51,18,49,52.534168,13.436619,35
25.50,460.51,19,47,52.534168,13.436619,35.8
26.09,468.62,18,47,52.534176,13.4366,35.5
26.09,460.51,18,48,52.534187,13.436578,36.4
26.09,476.83,15,47,52.534203,13.436559,36.4
25.50,468.62,18,48,52.534203,13.436559,36.3
26.09,460.51,18,47,52.534229,13.436545,38.1
26.09,468.62,19,47,52.534252,13.436531,39.2
26.09,452.52,19,47,52.534275,13.43652,39.2
26.09,468.62,18,49,52.534275,13.43652,39.4
26.09,468.62,15,45,52.534286,13.436505,38.7
26.09,476.83,15,48,52.534317,13.436514,38.5
26.09,468.62,18,49,52.534336,13.436508,38.5
26.69,460.51,19,47,52.534336,13.436508,38.2
25.50,468.62,15,46,52.534351,13.436498,38.2
25.50,468.62,18,48,52.53437,13.436482,38.4
25.50,468.62,19,47,52.534393,13.436464,38.4
26.09,468.62,18,48,52.534393,13.436464,39.7
26.09,476.83,16,46,52.534412,13.436447,40.6
26.09,468.62,19,47,52.534428,13.436437,40.7
26.09,476.83,15,46,52.534447,13.436424,40.7
25.50,460.51,18,48,52.534447,13.436424,41.1
26.09,468.62,15,46,52.534462,13.43641,41.3
26.09,468.62,19,47,52.534477,13.436394,41.2
25.50,468.62,16,46,52.534508,13.436398,41.2
26.09,468.62,18,48,52.534508,13.436398,41.2
26.09,468.62,19,47,52.534523,13.436383,41.5
26.09,452.52,19,47,52.534546,13.436383,41.3
25.50,468.62,19,46,52.534554,13.436372,41.3
25.50,460.51,19,48,52.534554,13.436372,40.7
25.50,452.52,19,46,52.534557,13.43634,40.6
25.50,460.51,19,47,52.534561,13.436318,40.2
25.50,485.15,19,48,52.534561,13.436297,40.2
25.50,460.51,19,47,52.534561,13.436297,39.5
25.50,452.52,19,47,52.534569,13.436272,39.6
25.50,460.51,19,47,52.534576,13.436255,39.3
25.50,485.15,19,47,52.534584,13.436251,39.3
25.50,452.52,19,47,52.534584,13.436251,38.9
25.50,468.62,19,47,52.534595,13.436253,39
25.50,468.62,16,46,52.534607,13.436252,39.5
25.50,476.83,16,46,52.534615,13.436251,39.5
25.50,468.62,19,48,52.534615,13.436251,39.9
25.50,468.62,19,46,52.534622,13.43625,39.9
25.50,468.62,19,47,52.53463,13.436254,39.9
25.50,468.62,19,47,52.534637,13.43626,39.9
25.50,452.52,19,47,52.534637,13.43626,39.8
25.50,460.51,16,46,52.534645,13.436268,39.6
25.50,460.51,19,47,52.534653,13.436279,39.3
25.50,460.51,16,47,52.534645,13.436264,39.3
25.50,460.51,19,47,52.534645,13.436264,39
25.50,468.62,16,45,52.534657,13.436258,38.8
25.50,460.51,19,48,52.534649,13.436239,38.4
25.50,468.62,16,47,52.534641,13.43621,38.4
25.50,468.62,19,47,52.534653,13.436175,37.9
25.50,476.83,19,48,52.53466,13.436155,37.6
25.50,468.62,19,47,52.534653,13.436137,37.6
25.50,452.52,19,47,52.534653,13.436137,37.4
25.50,460.51,19,47,52.534622,13.436082,37.1
24.92,468.62,19,47,52.53458,13.436037,36.6
25.50,485.15,19,48,52.534565,13.435972,36.6
25.50,468.62,19,47,52.534565,13.435972,36.1
25.50,468.62,16,46,52.534576,13.435924,35.6
25.50,468.62,19,48,52.534603,13.435898,35.3
25.50,460.51,19,48,52.534557,13.435911,35.3
25.50,468.62,19,47,52.534557,13.435911,34.8
25.50,468.62,19,47,52.534569,13.43591,34.5
25.50,468.62,16,47,52.53458,13.435908,34.2
26.09,468.62,16,47,52.534573,13.435886,34.2
25.50,460.51,16,47,52.534573,13.435886,33.8
25.50,468.62,19,47,52.534569,13.435883,33.5
24.92,468.62,19,47,52.534565,13.43589,33.3
25.50,485.15,19,48,52.53455,13.43587,33.3
25.50,468.62,16,45,52.53455,13.43587,33
25.50,476.83,16,46,52.534546,13.435863,32.8
25.50,485.15,19,47,52.534534,13.435883,32.6
24.92,460.51,19,48,52.534523,13.435874,32.6
25.50,476.83,19,47,52.53455,13.435872,32.6
25.50,452.52,16,47,52.53455,13.435872,31.7
26.09,493.59,19,47,52.534599,13.435881,31.2
25.50,468.62,19,47,52.534603,13.435886,31.2
25.50,460.51,16,46,52.534603,13.435886,30.6
25.50,460.51,20,47,52.53463,13.435877,30.1
24.92,476.83,17,46,52.534588,13.435862,29.6
25.50,452.52,17,46,52.534626,13.435899,29.6
25.50,485.15,20,48,52.534626,13.435899,36.6
25.50,444.63,20,46,52.534657,13.435896,32.9
25.50,452.52,20,47,52.534672,13.435898,30.8
25.50,502.14,20,47,52.534702,13.435908,30.8
25.50,460.51,20,47,52.534702,13.435908,31.1
25.50,476.83,17,45,52.534718,13.435903,31.1
25.50,485.15,20,47,52.534737,13.435904,31
25.50,460.51,17,46,52.534752,13.435905,31
26.09,468.62,20,47,52.534752,13.435905,30.9
25.50,460.51,17,45,52.534748,13.4359,30.1
24.92,460.51,20,47,52.534748,13.435902,29.4
25.50,468.62,17,46,52.53474,13.4359,29.4
25.50,460.51,20,47,52.53474,13.4359,28.8
26.09,468.62,20,47,52.534729,13.435891,28.4
25.50,468.62,20,48,52.534702,13.435856,27.4
24.92,468.62,17,45,52.534683,13.435838,27.4
24.92,460.51,17,46,52.534683,13.435838,26.7
26.09,468.62,20,47,52.534615,13.435801,26.2
25.50,468.62,20,48,52.534561,13.435774,25.7
26.09,468.62,17,46,52.534515,13.435759,25.7
25.50,468.62,17,46,52.534515,13.435759,25.6
25.50,468.62,20,47,52.534512,13.435753,25.1
26.69,468.62,17,46,52.534504,13.435741,24.7
25.50,476.83,20,47,52.5345,13.435749,24.7
25.50,460.51,20,48,52.5345,13.435749,24.4
25.50,468.62,17,45,52.534492,13.435747,24.2
24.92,468.62,20,49,52.534485,13.435749,23.8
25.50,476.83,20,47,52.534477,13.435749,23.8
25.50,468.62,17,46,52.534477,13.435749,23.5
25.50,468.62,17,45,52.534458,13.435756,23.4
25.50,468.62,21,46,52.534454,13.435769,23.2
25.50,468.62,17,46,52.534428,13.435774,23.2
25.50,468.62,17,46,52.534428,13.435774,22.9
25.50,476.83,17,45,52.534412,13.43578,22.6
25.50,476.83,17,46,52.534401,13.435782,22.4
25.50,468.62,17,46,52.534401,13.435796,22.4
24.92,460.51,20,48,52.534401,13.435796,21.8
24.92,468.62,21,45,52.534386,13.435799,21.2
25.50,452.52,21,47,52.534401,13.435838,21.2
25.50,468.62,17,46,52.534401,13.435838,20.4
24.92,460.51,17,45,52.534389,13.435866,19.9
24.92,468.62,21,47,52.534401,13.435895,19.5
25.50,452.52,17,46,52.534412,13.435944,19.5
25.50,519.59,21,47,52.534412,13.435944,18.8
24.92,528.50,17,45,52.53434,13.435915,18.6
24.92,421.62,17,46,52.534328,13.435928,18.4
25.50,468.62,17,46,52.534336,13.435942,18.4
25.50,460.51,21,47,52.534336,13.435942,18.4
24.92,468.62,17,45,52.534328,13.435946,18.5
25.50,476.83,21,46,52.534325,13.435946,18.4
24.92,468.62,21,47,52.534325,13.435957,18.4
25.50,460.51,21,47,52.534325,13.435957,18.5
24.92,468.62,21,46,52.534317,13.43597,18.5
26.09,468.62,18,46,52.534313,13.435977,18.6
25.50,468.62,21,47,52.534302,13.435982,18.6
25.50,468.62,17,46,52.534302,13.435982,18.6
25.50,468.62,17,45,52.534294,13.435975,18.6
25.50,468.62,21,47,52.534306,13.435979,18.8
26.09,468.62,18,46,52.534302,13.435982,18.8
26.09,468.62,21,46,52.534313,13.435989,18.8
24.92,468.62,17,46,52.534313,13.435989,19.2
25.50,468.62,21,46,52.534328,13.435994,19.6
25.50,468.62,17,46,52.534325,13.435985,19.6
25.50,460.51,17,46,52.534325,13.435985,19.9
24.92,460.51,18,45,52.534328,13.435992,20.1
24.92,468.62,21,47,52.534328,13.436012,20.4
25.50,468.62,18,46,52.534328,13.436028,20.4
25.50,460.51,18,46,52.534328,13.436028,20.5
25.50,460.51,18,45,52.534344,13.436053,20.7
25.50,460.51,18,46,52.534348,13.436066,20.9
24.92,460.51,21,47,52.53434,13.436067,20.9
25.50,460.51,21,47,52.53434,13.436067,21.4
24.92,468.62,18,45,52.534336,13.436063,21.8
24.92,468.62,18,46,52.534328,13.436055,22.1
24.92,468.62,21,47,52.53434,13.436077,22.1
25.50,460.51,18,45,52.53434,13.436077,22.5
24.92,468.62,18,46,52.534348,13.436089,22.9
24.92,468.62,18,45,52.534367,13.436119,23.2
25.50,468.62,21,48,52.534382,13.436143,23.6
24.92,460.51,21,48,52.534389,13.436147,23.9
24.35,468.62,21,47,52.534401,13.436166,23.9
24.92,460.51,22,47,52.534401,13.436166,24.1
24.92,452.52,21,46,52.534401,13.436178,24.4
24.92,460.51,21,47,52.534412,13.436185,24.4
25.50,452.52,19,46,52.534412,13.436185,24.6
24.35,452.52,21,47,52.534435,13.436196,25
24.92,452.52,18,47,52.534447,13.43621,25.1
24.92,452.52,21,47,52.53447,13.436226,25.1
24.92,460.51,21,48,52.53447,13.436226,25.2
24.92,452.52,21,47,52.534515,13.436255,25.3
24.92,452.52,21,47,52.534561,13.436284,25.3
24.35,452.52,18,46,52.534592,13.436312,25.3
24.92,452.52,21,48,52.53463,13.436336,25.8
24.92,468.62,21,47,52.534649,13.436347,26.3
24.92,460.51,18,46,52.534668,13.43636,26.7
25.50,452.52,21,47,52.534664,13.436368,27.2
24.92,468.62,21,47,52.534676,13.436372,27.2
24.92,460.51,18,46,52.534676,13.436372,27.8
25.50,460.51,21,46,52.534695,13.436378,28.4
24.92,460.51,18,46,52.534695,13.436386,29.1
24.92,460.51,18,46,52.534698,13.436391,29.1
24.92,452.52,18,46,52.534698,13.436391,29.6
24.92,460.51,18,45,52.534695,13.436394,30.2
24.92,460.51,18,46,52.534698,13.436396,30.7
24.92,460.51,21,47,52.534706,13.436406,30.7
25.50,460.51,22,46,52.534706,13.436406,31.3
24.92,452.52,21,46,52.534706,13.436412,31.9
24.35,460.51,21,47,52.53471,13.436419,32.4
24.92,460.51,18,46,52.534714,13.436425,32.4
24.92,460.51,21,46,52.534714,13.436425,33.2
25.50,460.51,21,46,52.53471,13.43643,33.9
24.92,460.51,18,46,52.534702,13.436439,34.5
24.92,460.51,21,47,52.534695,13.436439,34.5
24.92,460.51,18,46,52.534695,13.436439,35.1
24.35,460.51,18,45,52.534695,13.436443,35.1
24.92,452.52,21,46,52.534695,13.436443,35.8
24.92,460.51,18,44,52.534695,13.436445,36.3
25.50,452.52,21,47,52.534691,13.436447,36.3
24.92,452.52,21,48,52.534691,13.436447,36.8
24.92,460.51,21,46,52.534691,13.436445,37.6
24.92,452.52,21,46,52.534657,13.436423,38
24.92,460.51,21,47,52.53463,13.436403,38
24.92,452.52,21,47,52.53463,13.436403,38.6
25.50,452.52,18,45,52.534603,13.43639,39.1
24.92,460.51,21,47,52.534603,13.436396,39.8
24.92,460.51,18,46,52.534603,13.436396,39.8
24.92,452.52,21,46,52.534603,13.436396,40.2
24.35,460.51,18,45,52.534607,13.436397,41
25.50,452.52,21,46,52.534607,13.436399,41.5
24.92,460.51,21,46,52.534607,13.436403,41.5
24.92,444.63,21,47,52.534607,13.436403,42.1
24.92,452.52,21,46,52.534611,13.436406,42.7
24.92,452.52,18,45,52.534615,13.436411,43.4
24.35,460.51,18,46,52.534603,13.436415,43.4
24.35,452.52,18,46,52.534603,13.436415,44
24.35,452.52,21,46,52.534599,13.436419,44.3
24.35,452.52,18,46,52.534607,13.436422,45
24.35,452.52,18,46,52.534611,13.436432,45.8
24.35,444.63,18,46,52.534622,13.43644,45.8
24.35,444.63,21,47,52.534622,13.43644,46.6
23.79,444.63,21,46,52.53463,13.436451,47.1
24.35,444.63,21,46,52.53463,13.436457,47.8
24.92,444.63,22,47,52.534634,13.436463,47.8
24.35,444.63,21,46,52.534634,13.436463,48.4
24.35,444.63,21,47,52.534641,13.436473,49.1
24.35,444.63,18,45,52.534653,13.436485,50
23.79,452.52,18,46,52.534653,13.436493,50
23.79,436.86,21,46,52.534653,13.436493,50.8
24.35,444.63,21,46,52.534664,13.436504,51.6
24.35,452.52,21,46,52.534664,13.436511,52.2
24.35,444.63,21,46,52.534664,13.436516,52.2
23.79,436.86,21,46,52.534664,13.436516,52.8
24.35,444.63,21,46,52.534668,13.436524,53.5
23.79,444.63,18,46,52.534687,13.436537,54
23.79,444.63,18,46,52.534691,13.436545,54
23.79,436.86,18,46,52.534691,13.436545,54.6
23.79,444.63,22,46,52.534687,13.436545,55.2
23.79,452.52,21,46,52.534679,13.436546,55.8
24.35,436.86,18,46,52.534695,13.436558,55.8
24.35,436.86,22,46,52.534695,13.436558,56.2
24.35,444.63,18,44,52.534706,13.436565,56.2
23.79,436.86,19,45,52.534706,13.436565,56.7
23.79,436.86,18,44,52.534702,13.436565,57
23.79,444.63,18,46,52.534714,13.436573,57
24.35,444.63,21,46,52.534714,13.436573,57.4
23.79,444.63,18,45,52.534714,13.436572,57.8
23.79,444.63,19,44,52.534649,13.436528,44.1
24.35,444.63,19,45,52.534645,13.436528,44.1
23.79,429.18,21,46,52.534645,13.436528,43.6
23.79,444.63,18,44,52.534653,13.43653,43.6
23.79,429.18,21,46,52.534657,13.436532,43.6
23.79,436.86,22,47,52.534668,13.436538,43.6
23.79,436.86,21,47,52.534668,13.436538,43.7
23.79,436.86,18,45,52.534679,13.436543,43.7
23.79,444.63,18,45,52.534698,13.436553,43.7
23.24,436.86,19,45,52.534721,13.43656,43.7
23.79,429.18,19,45,52.534721,13.43656,43.7
23.79,436.86,22,45,52.534737,13.436569,43.6
23.79,436.86,21,46,52.534748,13.436569,43.6
23.24,444.63,19,45,52.534756,13.436579,43.6
23.79,436.86,22,47,52.534756,13.436579,43.6
23.79,436.86,21,45,52.534767,13.436577,43.5
23.79,444.63,19,44,52.534782,13.436587,43.5
23.24,436.86,22,46,52.534794,13.436591,43.7
23.24,436.86,19,43,52.534798,13.436598,43.7
23.79,429.18,17,43,52.534798,13.436598,43.7
22.70,436.86,19,44,52.534801,13.436601,43.8
23.79,436.86,19,45,52.534813,13.436612,43.9
23.79,436.86,22,46,52.534809,13.436614,43.9
23.24,429.18,18,45,52.534809,13.436614,43.7
23.79,444.63,18,44,52.534809,13.436615,43.7
23.24,436.86,19,44,52.534805,13.436616,43.4
23.24,429.18,19,44,52.534801,13.436618,43.4
23.24,429.18,19,45,52.534801,13.436618,43.2
23.24,429.18,22,46,52.534801,13.436624,42.9
24.35,429.18,18,45,52.534801,13.436625,42.8
23.24,436.86,21,46,52.534798,13.436625,42.8
23.24,429.18,19,44,52.534798,13.436625,42.8
23.79,429.18,19,42,52.534798,13.436625,42.8
23.24,436.86,19,44,52.534798,13.436634,42.8
23.24,429.18,19,45,52.534798,13.436642,42.8
23.24,429.18,19,45,52.534798,13.436642,42.7
23.79,436.86,22,46,52.534798,13.436641,42.9
23.24,429.18,19,44,52.534805,13.436644,43
23.24,436.86,19,44,52.534798,13.436638,43
23.24,429.18,19,44,52.534798,13.436638,42.9
23.24,436.86,19,44,52.534779,13.436625,43
23.79,436.86,22,47,52.534782,13.436624,43.3
23.24,436.86,22,46,52.534786,13.436616,43.3
23.24,429.18,22,46,52.534786,13.436616,43.6
23.24,429.18,19,45,52.534779,13.436602,43.8
23.24,429.18,19,45,52.534786,13.436604,44.2
22.70,436.86,19,44,52.534794,13.436604,44.4
23.24,429.18,22,46,52.534763,13.436583,44.4
23.24,421.62,19,44,52.534763,13.436583,44.3
23.24,429.18,22,46,52.53474,13.436556,44.3
23.24,429.18,19,44,52.534721,13.436537,44.3
23.24,429.18,19,44,52.53471,13.436517,44.3
23.24,429.18,22,46,52.53471,13.436517,44.3
23.24,429.18,19,42,52.534687,13.436507,44.4
22.70,429.18,19,44,52.534679,13.436491,44.4
23.24,429.18,19,44,52.534668,13.436481,44.4
23.24,421.62,19,44,52.534668,13.436481,44.4
23.24,429.18,19,43,52.534653,13.436472,44.3
22.70,429.18,19,44,52.534653,13.436462,44.4
22.70,429.18,19,44,52.534653,13.436457,44.4
23.24,421.62,19,44,52.534653,13.436457,44.2
22.70,429.18,19,43,52.534649,13.436458,44.2
22.70,429.18,19,44,52.534645,13.436456,44.1
23.24,421.62,19,44,52.534645,13.436451,44.1
23.24,421.62,22,46,52.534645,13.436451,44.1
22.70,429.18,22,45,52.534637,13.436455,44.1
22.70,429.18,19,44,52.53463,13.436458,44.2
22.70,429.18,19,44,52.53463,13.43646,44.2
22.70,421.62,19,44,52.53463,13.43646,44.3
22.70,429.18,19,43,52.534637,13.436461,44.6
22.70,429.18,22,46,52.534649,13.43646,44.8
22.70,421.62,19,44,52.534645,13.436462,44.8
22.70,421.62,22,46,52.534645,13.436462,45
22.70,421.62,22,45,52.534634,13.436468,45.2
22.17,429.18,22,45,52.534634,13.43647,45.4
22.70,421.62,19,44,52.534645,13.43647,45.4
22.70,421.62,19,44,52.534645,13.43647,45.7
22.70,421.62,19,42,52.534641,13.436475,46.1
22.70,429.18,22,46,52.534637,13.436479,46.5
22.70,421.62,19,44,52.534641,13.436478,46.5
22.70,414.15,22,46,52.534641,13.436478,46.8
22.70,421.62,19,42,52.534641,13.436479,47
22.70,421.62,22,46,52.534634,13.43648,47.1
22.70,421.62,22,46,52.53463,13.43648,47.2
22.70,421.62,21,46,52.534626,13.436479,47.2
22.17,421.62,19,44,52.534626,13.436479,47.2
22.70,421.62,19,43,52.534626,13.43648,47.2
22.17,421.62,19,44,52.534634,13.436475,47.3
22.70,421.62,22,46,52.53463,13.436475,47.3
22.70,421.62,19,44,52.53463,13.436475,47.5
22.70,421.62,19,43,52.53463,13.436473,47.6
22.70,414.15,22,46,52.534618,13.436476,47.7
22.70,421.62,19,44,52.53463,13.43647,47.7
22.17,414.15,22,46,52.53463,13.43647,47.8
22.70,414.15,19,42,52.53463,13.436468,47.9
22.17,421.62,22,45,52.53463,13.43647,47.8
22.17,421.62,22,46,52.534637,13.436466,47.8
22.70,414.15,22,46,52.534637,13.436466,48
22.17,421.62,19,42,52.534641,13.436464,47.9
22.70,421.62,19,44,52.534641,13.43646,47.7
22.70,414.15,22,46,52.534634,13.43646,47.7
22.70,414.15,19,44,52.534634,13.43646,47.8
22.17,414.15,19,42,52.53463,13.436464,48.4
22.70,421.62,22,46,52.534634,13.436463,48.7
22.70,421.62,19,44,52.534641,13.436457,48.5
22.70,421.62,19,44,52.534645,13.436455,48.5
22.70,406.79,22,46,52.534645,13.436455,48.4
22.70,414.15,19,41,52.534649,13.436451,48.1
22.17,421.62,19,43,52.534653,13.436448,47.9
22.17,421.62,19,44,52.534657,13.436448,47.9
22.70,406.79,19,44,52.534657,13.436448,47.7
22.70,421.62,19,42,52.53466,13.436445,47.1
22.70,414.15,19,44,52.534676,13.436436,46.4
22.70,421.62,19,44,52.534672,13.436434,46.4
22.70,414.15,22,46,52.534672,13.436434,46.2
22.70,414.15,19,42,52.534657,13.43644,46.2
22.70,421.62,22,46,52.534657,13.43644,45.9
22.70,414.15,19,44,52.534657,13.436444,45.9
23.24,414.15,19,44,52.534657,13.436444,46.9
22.70,421.62,19,40,52.534657,13.436448,48
22.70,436.86,23,45,52.534653,13.436457,49.2
23.24,414.15,22,46,52.534653,13.436473,49.2
22.70,406.79,22,46,52.534653,13.436473,50.3
23.24,429.18,19,42,52.534653,13.436481,51.5
22.70,414.15,22,46,52.534634,13.436501,52.4
22.70,429.18,19,44,52.534641,13.436513,52.4
22.70,421.62,19,43,52.534641,13.436513,53.2
22.70,10768.28,19,44,52.534592,13.436511,49.2
22.70,444.63,23,44,52.534542,13.436541,49.2
23.24,436.86,22,46,52.534542,13.436541,49.1
22.70,414.15,22,45,52.534492,13.436574,49.1
22.70,414.15,22,45,52.534492,13.436574,49.1
